{
  "videos": [
    "v1",
    "v3",
    "v10",
    "v15",
    "v20"
  ],
  "counts": {
    "track_disp_ratio": 94,
    "edge_distance_norm": 5750,
    "area_ratio": 5628,
    "step_ratio": 5628,
    "step_px": 5628,
    "low_disp_step_ratio": 1000,
    "low_disp_step_px": 1000,
    "triplet_min_step_ratio": 5515,
    "triplet_min_step_px": 5515,
    "disappear_edge_norm": 104
  },
  "percentiles": {
    "track_disp_ratio": {
      "p5": 0.007907539210282265,
      "p25": 1.245848387479782,
      "p50": 2.7746537923812866,
      "p75": 6.445287227630615,
      "p85": 8.973975038528442,
      "p90": 9.975640773773195,
      "p95": 12.447300148010244,
      "p98": 13.85708122253418,
      "p99": 14.68344769477839
    },
    "edge_distance_norm": {
      "p5": 0.06174331586807966,
      "p25": 0.09824048168957233,
      "p50": 0.12821663916110992,
      "p75": 0.17414577305316925,
      "p85": 0.1993050657212734,
      "p90": 0.21321398168802266,
      "p95": 0.22683612406253814,
      "p98": 0.23784803628921505,
      "p99": 0.24175812661647803
    },
    "area_ratio": {
      "p5": 1.0004257261753082,
      "p25": 1.0043191015720367,
      "p50": 1.017256498336792,
      "p75": 1.0481437742710114,
      "p85": 1.0749629259109497,
      "p90": 1.0978676915168761,
      "p95": 1.1533466398715972,
      "p98": 1.2377575731277466,
      "p99": 1.3268324756622307
    },
    "step_ratio": {
      "p5": 0.00037381406727945434,
      "p25": 0.0070855849189683795,
      "p50": 0.03958466090261936,
      "p75": 0.10476279258728027,
      "p85": 0.15387677699327468,
      "p90": 0.1939310133457184,
      "p95": 0.2438855208456516,
      "p98": 0.3235169517993927,
      "p99": 0.3852253508567799
    },
    "step_px": {
      "p5": 0.01514094672165811,
      "p25": 0.2097375988960266,
      "p50": 0.9482783675193787,
      "p75": 3.052676796913147,
      "p85": 5.206800079345702,
      "p90": 7.0622994422912635,
      "p95": 11.824341583251952,
      "p98": 20.565528259277354,
      "p99": 26.261862201690672
    },
    "low_disp_step_ratio": {
      "p5": 0.00014204501567292028,
      "p25": 0.00048517998948227614,
      "p50": 0.0014295086730271578,
      "p75": 0.004257305525243282,
      "p85": 0.007231156830675899,
      "p90": 0.011047816369682552,
      "p95": 0.027653599064797144,
      "p98": 0.07429379969835265,
      "p99": 0.14803324133157725
    },
    "low_disp_step_px": {
      "p5": 0.00639692978002131,
      "p25": 0.02052791090682149,
      "p50": 0.043886804953217506,
      "p75": 0.10285129398107529,
      "p85": 0.17164076492190358,
      "p90": 0.2827917605638504,
      "p95": 0.6115823894739132,
      "p98": 1.5450918006896965,
      "p99": 2.766454379558562
    },
    "triplet_min_step_ratio": {
      "p5": 0.00024703453527763486,
      "p25": 0.0046425627078861,
      "p50": 0.03144192695617676,
      "p75": 0.07636268809437752,
      "p85": 0.12914746552705764,
      "p90": 0.16010546684265137,
      "p95": 0.21990305185317993,
      "p98": 0.2616748809814453,
      "p99": 0.30468395888805383
    },
    "triplet_min_step_px": {
      "p5": 0.009920294862240551,
      "p25": 0.13569694012403488,
      "p50": 0.7159765362739563,
      "p75": 2.4011051654815674,
      "p85": 4.298100900650022,
      "p90": 5.75158824920655,
      "p95": 8.663683605194095,
      "p98": 14.406013183593755,
      "p99": 20.64262935638417
    },
    "disappear_edge_norm": {
      "p5": 0.026744190510362385,
      "p25": 0.06920626573264599,
      "p50": 0.10355692729353905,
      "p75": 0.13824280723929405,
      "p85": 0.16119755655527113,
      "p90": 0.1792059525847435,
      "p95": 0.20550800934433935,
      "p98": 0.21635295033454893,
      "p99": 0.22712267041206358
    }
  },
  "recommendation": {
    "STATIC_MOVE_RATIO": 0.3,
    "DISAPPEAR_FAR_EDGE_RATIO": 0.17920595079176543,
    "DISAPPEAR_LOOKAHEAD": 2.0,
    "DISAPPEAR_MIN_TRACK_LEN": 3.0,
    "TURN_CHANGE_RATIO": 0.5,
    "SPEED_SCALING_FACTOR": 15.0,
    "MIN_TURN_SPEED_RATIO": 0.03,
    "MIN_DIR_MOTION_RATIO": 0.03,
    "MIN_DIR_MOTION_PX": 2.0,
    "TOPK_AGG_COUNT": 3.0,
    "EDGE_UNSTABLE_RATIO": 0.03,
    "MAX_MOTION_AREA_RATIO": 1.5,
    "MAX_STEP_RATIO": 1.0,
    "REPLACEMENT_CENTER_RATIO": 0.06,
    "REPLACEMENT_IOU": 0.05,
    "TRACK_POINT_Y_RATIO": 0.6
  }
}