{
  "num_gt_intervals": 1,
  "num_pred_spans": 1,
  "pred_spans": [
    [
      6,
      331
    ]
  ],
  "hit_ratio": 1.0,
  "full80_ratio": 1.0,
  "mean_best_iou": 0.26380368098159507,
  "mean_best_cover": 1.0,
  "mean_best_pred_to_gt_ratio": 3.7906976744186047,
  "avg_span_ratio": 0.9819277108433735,
  "gt_lift": 0.49469467997550964,
  "items": [
    {
      "start_frame": 138,
      "end_frame": 223,
      "best_iou": 0.26380368098159507,
      "best_cover": 1.0,
      "best_pred_to_gt_ratio": 3.7906976744186047,
      "best_pred_span": [
        6,
        331
      ]
    }
  ]
}