{
  "num_gt_intervals": 1,
  "num_pred_spans": 1,
  "pred_spans": [
    [
      35,
      220
    ]
  ],
  "hit_ratio": 1.0,
  "full80_ratio": 1.0,
  "mean_best_iou": 0.43010752688172044,
  "mean_best_cover": 1.0,
  "mean_best_pred_to_gt_ratio": 2.325,
  "avg_span_ratio": 0.8416289592760181,
  "gt_lift": 0.7755617201328278,
  "items": [
    {
      "start_frame": 105,
      "end_frame": 184,
      "best_iou": 0.43010752688172044,
      "best_cover": 1.0,
      "best_pred_to_gt_ratio": 2.325,
      "best_pred_span": [
        35,
        220
      ]
    }
  ]
}