{
  "num_gt_intervals": 1,
  "num_pred_spans": 1,
  "pred_spans": [
    [
      12,
      165
    ]
  ],
  "hit_ratio": 1.0,
  "full80_ratio": 1.0,
  "mean_best_iou": 0.7597402597402597,
  "mean_best_cover": 1.0,
  "mean_best_pred_to_gt_ratio": 1.3162393162393162,
  "avg_span_ratio": 0.927710843373494,
  "gt_lift": 0.8807381354272366,
  "items": [
    {
      "start_frame": 34,
      "end_frame": 150,
      "best_iou": 0.7597402597402597,
      "best_cover": 1.0,
      "best_pred_to_gt_ratio": 1.3162393162393162,
      "best_pred_span": [
        12,
        165
      ]
    }
  ]
}