{
  "num_gt_intervals": 1,
  "num_pred_spans": 2,
  "pred_spans": [
    [
      0,
      31
    ],
    [
      46,
      243
    ]
  ],
  "hit_ratio": 1.0,
  "full80_ratio": 1.0,
  "mean_best_iou": 0.7626262626262627,
  "mean_best_cover": 1.0,
  "mean_best_pred_to_gt_ratio": 1.3112582781456954,
  "avg_span_ratio": 0.9426229508196722,
  "gt_lift": 0.7102082967758179,
  "items": [
    {
      "start_frame": 93,
      "end_frame": 243,
      "best_iou": 0.7626262626262627,
      "best_cover": 1.0,
      "best_pred_to_gt_ratio": 1.3112582781456954,
      "best_pred_span": [
        46,
        243
      ]
    }
  ]
}