{
  "hit_ratio": 1.0,
  "full80_ratio": 0.0,
  "mean_best_cover": 0.5714285714285714,
  "mean_best_iou": 0.24675324675324675,
  "mean_best_pred_to_gt_ratio": 1.887218045112782,
  "avg_span_ratio": 0.8979118329466357,
  "num_pred_spans": 3.0,
  "gt_lift": 0.1463989019393921,
  "wide_single_flag": 0.0,
  "pred_spans": [
    [
      0,
      54
    ],
    [
      72,
      152
    ],
    [
      180,
      430
    ]
  ]
}