{
  "num_gt_intervals": 1,
  "num_pred_spans": 1,
  "pred_spans": [
    [
      70,
      281
    ]
  ],
  "hit_ratio": 1.0,
  "full80_ratio": 1.0,
  "mean_best_iou": 0.5330188679245284,
  "mean_best_cover": 1.0,
  "mean_best_pred_to_gt_ratio": 1.8761061946902655,
  "avg_span_ratio": 0.75177304964539,
  "gt_lift": 0.5606168657541275,
  "items": [
    {
      "start_frame": 149,
      "end_frame": 261,
      "best_iou": 0.5330188679245284,
      "best_cover": 1.0,
      "best_pred_to_gt_ratio": 1.8761061946902655,
      "best_pred_span": [
        70,
        281
      ]
    }
  ]
}