{
  "hit_ratio": 1.0,
  "full80_ratio": 1.0,
  "mean_best_cover": 0.8163265306122449,
  "mean_best_iou": 0.5536332179930796,
  "mean_best_pred_to_gt_ratio": 1.2908163265306123,
  "avg_span_ratio": 0.8856304985337243,
  "num_pred_spans": 3.0,
  "gt_lift": 0.2351621389389038,
  "wide_single_flag": 0.0,
  "pred_spans": [
    [
      0,
      31
    ],
    [
      52,
      304
    ],
    [
      324,
      340
    ]
  ]
}