{
  "num_gt_intervals": 1,
  "num_pred_spans": 1,
  "pred_spans": [
    [
      10,
      291
    ]
  ],
  "hit_ratio": 1.0,
  "full80_ratio": 1.0,
  "mean_best_iou": 0.7173144876325088,
  "mean_best_cover": 0.9950980392156863,
  "mean_best_pred_to_gt_ratio": 1.3823529411764706,
  "avg_span_ratio": 0.9657534246575342,
  "gt_lift": 0.7693234905600548,
  "items": [
    {
      "start_frame": 89,
      "end_frame": 292,
      "best_iou": 0.7173144876325088,
      "best_cover": 0.9950980392156863,
      "best_pred_to_gt_ratio": 1.3823529411764706,
      "best_pred_span": [
        10,
        291
      ]
    }
  ]
}