{
  "num_gt_intervals": 1,
  "num_pred_spans": 1,
  "pred_spans": [
    [
      24,
      84
    ]
  ],
  "hit_ratio": 1.0,
  "full80_ratio": 1.0,
  "mean_best_iou": 0.7258064516129032,
  "mean_best_cover": 0.9782608695652174,
  "mean_best_pred_to_gt_ratio": 1.326086956521739,
  "avg_span_ratio": 0.7176470588235294,
  "gt_lift": 0.5029183179140091,
  "items": [
    {
      "start_frame": 40,
      "end_frame": 85,
      "best_iou": 0.7258064516129032,
      "best_cover": 0.9782608695652174,
      "best_pred_to_gt_ratio": 1.326086956521739,
      "best_pred_span": [
        24,
        84
      ]
    }
  ]
}