{
  "hit_ratio": 1.0,
  "full80_ratio": 1.0,
  "mean_best_cover": 1.0,
  "mean_best_iou": 0.49079754601226994,
  "mean_best_pred_to_gt_ratio": 2.0375,
  "avg_span_ratio": 0.7375565610859729,
  "num_pred_spans": 1.0,
  "gt_lift": 0.8609853610396385,
  "wide_single_flag": 0.0,
  "pred_spans": [
    [
      57,
      219
    ]
  ]
}