{
  "num_gt_intervals": 1,
  "num_pred_spans": 2,
  "pred_spans": [
    [
      25,
      60
    ],
    [
      89,
      277
    ]
  ],
  "hit_ratio": 1.0,
  "full80_ratio": 1.0,
  "mean_best_iou": 0.9470899470899471,
  "mean_best_cover": 1.0,
  "mean_best_pred_to_gt_ratio": 1.0558659217877095,
  "avg_span_ratio": 0.8093525179856115,
  "gt_lift": 0.796734880656004,
  "items": [
    {
      "start_frame": 99,
      "end_frame": 277,
      "best_iou": 0.9470899470899471,
      "best_cover": 1.0,
      "best_pred_to_gt_ratio": 1.0558659217877095,
      "best_pred_span": [
        89,
        277
      ]
    }
  ]
}