{
  "num_gt_intervals": 1,
  "num_pred_spans": 1,
  "pred_spans": [
    [
      37,
      167
    ]
  ],
  "hit_ratio": 1.0,
  "full80_ratio": 1.0,
  "mean_best_iou": 0.6870229007633588,
  "mean_best_cover": 1.0,
  "mean_best_pred_to_gt_ratio": 1.4555555555555555,
  "avg_span_ratio": 0.7797619047619048,
  "gt_lift": 0.7963825315237045,
  "items": [
    {
      "start_frame": 62,
      "end_frame": 151,
      "best_iou": 0.6870229007633588,
      "best_cover": 1.0,
      "best_pred_to_gt_ratio": 1.4555555555555555,
      "best_pred_span": [
        37,
        167
      ]
    }
  ]
}