{
  "hit_ratio": 1.0,
  "full80_ratio": 1.0,
  "mean_best_cover": 1.0,
  "mean_best_iou": 0.6341463414634146,
  "mean_best_pred_to_gt_ratio": 1.5769230769230769,
  "avg_span_ratio": 0.8760683760683761,
  "num_pred_spans": 1.0,
  "gt_lift": 0.6429915279150009,
  "wide_single_flag": 0.0,
  "pred_spans": [
    [
      29,
      233
    ]
  ]
}