{
  "num_gt_intervals": 1,
  "num_pred_spans": 2,
  "pred_spans": [
    [
      0,
      149
    ],
    [
      197,
      232
    ]
  ],
  "hit_ratio": 1.0,
  "full80_ratio": 1.0,
  "mean_best_iou": 0.8860759493670886,
  "mean_best_cover": 0.9459459459459459,
  "mean_best_pred_to_gt_ratio": 1.0135135135135136,
  "avg_span_ratio": 0.7982832618025751,
  "gt_lift": 0.658341221511364,
  "items": [
    {
      "start_frame": 10,
      "end_frame": 157,
      "best_iou": 0.8860759493670886,
      "best_cover": 0.9459459459459459,
      "best_pred_to_gt_ratio": 1.0135135135135136,
      "best_pred_span": [
        0,
        149
      ]
    }
  ]
}