{
  "num_gt_intervals": 1,
  "num_pred_spans": 1,
  "pred_spans": [
    [
      15,
      189
    ]
  ],
  "hit_ratio": 1.0,
  "full80_ratio": 1.0,
  "mean_best_iou": 0.5428571428571428,
  "mean_best_cover": 1.0,
  "mean_best_pred_to_gt_ratio": 1.8421052631578947,
  "avg_span_ratio": 0.9210526315789473,
  "gt_lift": 0.7382435351610184,
  "items": [
    {
      "start_frame": 95,
      "end_frame": 189,
      "best_iou": 0.5428571428571428,
      "best_cover": 1.0,
      "best_pred_to_gt_ratio": 1.8421052631578947,
      "best_pred_span": [
        15,
        189
      ]
    }
  ]
}