{
  "num_gt_intervals": 1,
  "num_pred_spans": 2,
  "pred_spans": [
    [
      0,
      129
    ],
    [
      161,
      176
    ]
  ],
  "hit_ratio": 1.0,
  "full80_ratio": 0.0,
  "mean_best_iou": 0.3107344632768362,
  "mean_best_cover": 0.5392156862745098,
  "mean_best_pred_to_gt_ratio": 1.2745098039215685,
  "avg_span_ratio": 0.8248587570621468,
  "gt_lift": 0.16663572192192078,
  "items": [
    {
      "start_frame": 75,
      "end_frame": 176,
      "best_iou": 0.3107344632768362,
      "best_cover": 0.5392156862745098,
      "best_pred_to_gt_ratio": 1.2745098039215685,
      "best_pred_span": [
        0,
        129
      ]
    }
  ]
}