{
  "num_gt_intervals": 1,
  "num_pred_spans": 1,
  "pred_spans": [
    [
      8,
      129
    ]
  ],
  "hit_ratio": 1.0,
  "full80_ratio": 0.0,
  "mean_best_iou": 0.3254437869822485,
  "mean_best_cover": 0.5392156862745098,
  "mean_best_pred_to_gt_ratio": 1.196078431372549,
  "avg_span_ratio": 0.6892655367231638,
  "gt_lift": 0.31839534640312195,
  "items": [
    {
      "start_frame": 75,
      "end_frame": 176,
      "best_iou": 0.3254437869822485,
      "best_cover": 0.5392156862745098,
      "best_pred_to_gt_ratio": 1.196078431372549,
      "best_pred_span": [
        8,
        129
      ]
    }
  ]
}