{
  "hit_ratio": 1.0,
  "full80_ratio": 1.0,
  "mean_best_cover": 1.0,
  "mean_best_iou": 0.6947368421052632,
  "mean_best_pred_to_gt_ratio": 1.4393939393939394,
  "avg_span_ratio": 0.8962264150943396,
  "num_pred_spans": 1.0,
  "gt_lift": 0.7795536741614342,
  "wide_single_flag": 0.0,
  "pred_spans": [
    [
      11,
      105
    ]
  ]
}