{
  "hit_ratio": 1.0,
  "full80_ratio": 1.0,
  "mean_best_cover": 1.0,
  "mean_best_iou": 0.5925925925925926,
  "mean_best_pred_to_gt_ratio": 1.6875,
  "avg_span_ratio": 0.801980198019802,
  "num_pred_spans": 1.0,
  "gt_lift": 0.7445840910077095,
  "wide_single_flag": 0.0,
  "pred_spans": [
    [
      20,
      100
    ]
  ]
}