{
  "hit_ratio": 1.0,
  "full80_ratio": 1.0,
  "mean_best_cover": 0.9821428571428571,
  "mean_best_iou": 0.6875,
  "mean_best_pred_to_gt_ratio": 1.4107142857142858,
  "avg_span_ratio": 0.8586956521739131,
  "num_pred_spans": 1.0,
  "gt_lift": 0.613496333360672,
  "wide_single_flag": 0.0,
  "pred_spans": [
    [
      13,
      91
    ]
  ]
}