{
  "hit_ratio": 1.0,
  "full80_ratio": 1.0,
  "mean_best_cover": 1.0,
  "mean_best_iou": 0.2631578947368421,
  "mean_best_pred_to_gt_ratio": 3.8,
  "avg_span_ratio": 0.9743589743589743,
  "num_pred_spans": 1.0,
  "gt_lift": 0.4473494291305542,
  "wide_single_flag": 1.0,
  "pred_spans": [
    [
      8,
      311
    ]
  ]
}