{
  "hit_ratio": 1.0,
  "full80_ratio": 1.0,
  "mean_best_cover": 1.0,
  "mean_best_iou": 0.6762589928057554,
  "mean_best_pred_to_gt_ratio": 1.4787234042553192,
  "avg_span_ratio": 0.9025974025974026,
  "num_pred_spans": 1.0,
  "gt_lift": 0.7952496558427811,
  "wide_single_flag": 1.0,
  "pred_spans": [
    [
      15,
      153
    ]
  ]
}