{
  "hit_ratio": 1.0,
  "full80_ratio": 1.0,
  "mean_best_cover": 1.0,
  "mean_best_iou": 0.43956043956043955,
  "mean_best_pred_to_gt_ratio": 2.275,
  "avg_span_ratio": 0.8235294117647058,
  "num_pred_spans": 1.0,
  "gt_lift": 0.8186404407024384,
  "wide_single_flag": 0.0,
  "pred_spans": [
    [
      39,
      220
    ]
  ]
}