{
  "hit_ratio": 1.0,
  "full80_ratio": 1.0,
  "mean_best_cover": 0.972972972972973,
  "mean_best_iou": 0.3185840707964602,
  "mean_best_pred_to_gt_ratio": 3.027027027027027,
  "avg_span_ratio": 1.0,
  "num_pred_spans": 1.0,
  "gt_lift": 0.6639861166477203,
  "wide_single_flag": 1.0,
  "pred_spans": [
    [
      0,
      111
    ]
  ]
}