{
  "hit_ratio": 1.0,
  "full80_ratio": 1.0,
  "mean_best_cover": 1.0,
  "mean_best_iou": 0.6351931330472103,
  "mean_best_pred_to_gt_ratio": 1.5743243243243243,
  "avg_span_ratio": 1.0,
  "num_pred_spans": 1.0,
  "gt_lift": 0.7031454890966415,
  "wide_single_flag": 1.0,
  "pred_spans": [
    [
      0,
      232
    ]
  ]
}