{
  "num_gt_intervals": 1,
  "num_pred_spans": 2,
  "pred_spans": [
    [
      8,
      130
    ],
    [
      144,
      254
    ]
  ],
  "hit_ratio": 1.0,
  "full80_ratio": 1.0,
  "mean_best_iou": 0.5071428571428571,
  "mean_best_cover": 0.8068181818181818,
  "mean_best_pred_to_gt_ratio": 1.3977272727272727,
  "avg_span_ratio": 0.8830188679245283,
  "gt_lift": 0.7974023371934891,
  "items": [
    {
      "start_frame": 60,
      "end_frame": 147,
      "best_iou": 0.5071428571428571,
      "best_cover": 0.8068181818181818,
      "best_pred_to_gt_ratio": 1.3977272727272727,
      "best_pred_span": [
        8,
        130
      ]
    }
  ]
}