{
  "hit_ratio": 1.0,
  "full80_ratio": 1.0,
  "mean_best_cover": 1.0,
  "mean_best_iou": 0.19594594594594594,
  "mean_best_pred_to_gt_ratio": 5.103448275862069,
  "avg_span_ratio": 0.8883116883116883,
  "num_pred_spans": 2.0,
  "gt_lift": 0.5661753267049789,
  "wide_single_flag": 0.0,
  "pred_spans": [
    [
      16,
      61
    ],
    [
      89,
      384
    ]
  ]
}