{
  "hit_ratio": 1.0,
  "full80_ratio": 1.0,
  "mean_best_cover": 0.9347826086956522,
  "mean_best_iou": 0.589041095890411,
  "mean_best_pred_to_gt_ratio": 1.5217391304347827,
  "avg_span_ratio": 0.8235294117647058,
  "num_pred_spans": 1.0,
  "gt_lift": 0.533978283405304,
  "wide_single_flag": 0.0,
  "pred_spans": [
    [
      13,
      82
    ]
  ]
}