{
  "num_gt_intervals": 1,
  "num_pred_spans": 1,
  "pred_spans": [
    [
      0,
      213
    ]
  ],
  "hit_ratio": 1.0,
  "full80_ratio": 1.0,
  "mean_best_iou": 0.5654205607476636,
  "mean_best_cover": 1.0,
  "mean_best_pred_to_gt_ratio": 1.7685950413223142,
  "avg_span_ratio": 1.0,
  "gt_lift": 0.13646173477172852,
  "items": [
    {
      "start_frame": 70,
      "end_frame": 190,
      "best_iou": 0.5654205607476636,
      "best_cover": 1.0,
      "best_pred_to_gt_ratio": 1.7685950413223142,
      "best_pred_span": [
        0,
        213
      ]
    }
  ]
}