{
  "num_gt_intervals": 1,
  "num_pred_spans": 1,
  "pred_spans": [
    [
      0,
      340
    ]
  ],
  "hit_ratio": 1.0,
  "full80_ratio": 1.0,
  "mean_best_iou": 0.5747800586510264,
  "mean_best_cover": 1.0,
  "mean_best_pred_to_gt_ratio": 1.739795918367347,
  "avg_span_ratio": 1.0,
  "gt_lift": 0.40979352593421936,
  "items": [
    {
      "start_frame": 145,
      "end_frame": 340,
      "best_iou": 0.5747800586510264,
      "best_cover": 1.0,
      "best_pred_to_gt_ratio": 1.739795918367347,
      "best_pred_span": [
        0,
        340
      ]
    }
  ]
}