{
  "num_gt_intervals": 1,
  "num_pred_spans": 2,
  "pred_spans": [
    [
      0,
      31
    ],
    [
      68,
      111
    ]
  ],
  "hit_ratio": 1.0,
  "full80_ratio": 1.0,
  "mean_best_iou": 0.8,
  "mean_best_cover": 0.972972972972973,
  "mean_best_pred_to_gt_ratio": 1.1891891891891893,
  "avg_span_ratio": 0.6785714285714286,
  "gt_lift": 0.8828513324260712,
  "items": [
    {
      "start_frame": 76,
      "end_frame": 112,
      "best_iou": 0.8,
      "best_cover": 0.972972972972973,
      "best_pred_to_gt_ratio": 1.1891891891891893,
      "best_pred_span": [
        68,
        111
      ]
    }
  ]
}