{
  "hit_ratio": 1.0,
  "full80_ratio": 0.0,
  "mean_best_cover": 0.48739495798319327,
  "mean_best_iou": 0.2265625,
  "mean_best_pred_to_gt_ratio": 1.638655462184874,
  "avg_span_ratio": 0.9578651685393258,
  "num_pred_spans": 2.0,
  "gt_lift": 0.45491692423820496,
  "wide_single_flag": 0.0,
  "pred_spans": [
    [
      0,
      194
    ],
    [
      210,
      355
    ]
  ]
}