{
  "hit_ratio": 1.0,
  "full80_ratio": 1.0,
  "mean_best_cover": 1.0,
  "mean_best_iou": 0.5654205607476636,
  "mean_best_pred_to_gt_ratio": 1.7685950413223142,
  "avg_span_ratio": 1.0,
  "num_pred_spans": 1.0,
  "gt_lift": 0.28105244040489197,
  "wide_single_flag": 1.0,
  "pred_spans": [
    [
      0,
      213
    ]
  ]
}