{
  "hit_ratio": 1.0,
  "full80_ratio": 1.0,
  "mean_best_cover": 1.0,
  "mean_best_iou": 0.26058631921824105,
  "mean_best_pred_to_gt_ratio": 3.8375,
  "avg_span_ratio": 0.9839743589743589,
  "num_pred_spans": 1.0,
  "gt_lift": 0.4995668977499008,
  "wide_single_flag": 1.0,
  "pred_spans": [
    [
      5,
      311
    ]
  ]
}