{
  "num_gt_intervals": 1,
  "num_pred_spans": 1,
  "pred_spans": [
    [
      38,
      331
    ]
  ],
  "hit_ratio": 1.0,
  "full80_ratio": 1.0,
  "mean_best_iou": 0.2925170068027211,
  "mean_best_cover": 1.0,
  "mean_best_pred_to_gt_ratio": 3.4186046511627906,
  "avg_span_ratio": 0.8855421686746988,
  "gt_lift": 0.4791981726884842,
  "items": [
    {
      "start_frame": 138,
      "end_frame": 223,
      "best_iou": 0.2925170068027211,
      "best_cover": 1.0,
      "best_pred_to_gt_ratio": 3.4186046511627906,
      "best_pred_span": [
        38,
        331
      ]
    }
  ]
}