{
  "num_gt_intervals": 1,
  "num_pred_spans": 2,
  "pred_spans": [
    [
      22,
      277
    ],
    [
      304,
      377
    ]
  ],
  "hit_ratio": 1.0,
  "full80_ratio": 0.0,
  "mean_best_iou": 0.4410112359550562,
  "mean_best_cover": 0.6108949416342413,
  "mean_best_pred_to_gt_ratio": 0.9961089494163424,
  "avg_span_ratio": 0.873015873015873,
  "gt_lift": 0.48448458313941956,
  "items": [
    {
      "start_frame": 121,
      "end_frame": 377,
      "best_iou": 0.4410112359550562,
      "best_cover": 0.6108949416342413,
      "best_pred_to_gt_ratio": 0.9961089494163424,
      "best_pred_span": [
        22,
        277
      ]
    }
  ]
}