{
  "num_gt_intervals": 1,
  "num_pred_spans": 1,
  "pred_spans": [
    [
      0,
      171
    ]
  ],
  "hit_ratio": 1.0,
  "full80_ratio": 1.0,
  "mean_best_iou": 0.47674418604651164,
  "mean_best_cover": 1.0,
  "mean_best_pred_to_gt_ratio": 2.097560975609756,
  "avg_span_ratio": 0.8958333333333334,
  "gt_lift": 0.6964520364999771,
  "items": [
    {
      "start_frame": 89,
      "end_frame": 170,
      "best_iou": 0.47674418604651164,
      "best_cover": 1.0,
      "best_pred_to_gt_ratio": 2.097560975609756,
      "best_pred_span": [
        0,
        171
      ]
    }
  ]
}