{
  "num_gt_intervals": 1,
  "num_pred_spans": 2,
  "pred_spans": [
    [
      18,
      284
    ],
    [
      300,
      377
    ]
  ],
  "hit_ratio": 1.0,
  "full80_ratio": 0.0,
  "mean_best_iou": 0.45555555555555555,
  "mean_best_cover": 0.6381322957198443,
  "items": [
    {
      "start_frame": 121,
      "end_frame": 377,
      "best_iou": 0.45555555555555555,
      "best_cover": 0.6381322957198443
    }
  ]
}