{
  "num_gt_intervals": 1,
  "num_pred_spans": 2,
  "pred_spans": [
    [
      0,
      39
    ],
    [
      65,
      111
    ]
  ],
  "hit_ratio": 1.0,
  "full80_ratio": 1.0,
  "mean_best_iou": 0.75,
  "mean_best_cover": 0.972972972972973,
  "mean_best_pred_to_gt_ratio": 1.2702702702702702,
  "avg_span_ratio": 0.7767857142857143,
  "gt_lift": 0.8737529739737511,
  "items": [
    {
      "start_frame": 76,
      "end_frame": 112,
      "best_iou": 0.75,
      "best_cover": 0.972972972972973,
      "best_pred_to_gt_ratio": 1.2702702702702702,
      "best_pred_span": [
        65,
        111
      ]
    }
  ]
}