{
  "hit_ratio": 1.0,
  "full80_ratio": 1.0,
  "mean_best_cover": 1.0,
  "mean_best_iou": 0.19161676646706588,
  "mean_best_pred_to_gt_ratio": 5.21875,
  "avg_span_ratio": 0.9326424870466321,
  "num_pred_spans": 2.0,
  "gt_lift": 0.3095000982284546,
  "wide_single_flag": 0.0,
  "pred_spans": [
    [
      0,
      38
    ],
    [
      72,
      572
    ]
  ]
}