{
  "num_gt_intervals": 1,
  "num_pred_spans": 1,
  "pred_spans": [
    [
      2,
      263
    ]
  ],
  "hit_ratio": 1.0,
  "full80_ratio": 1.0,
  "mean_best_iou": 0.33587786259541985,
  "mean_best_cover": 1.0,
  "mean_best_pred_to_gt_ratio": 2.977272727272727,
  "avg_span_ratio": 0.9886792452830189,
  "gt_lift": 0.7642871886491776,
  "items": [
    {
      "start_frame": 60,
      "end_frame": 147,
      "best_iou": 0.33587786259541985,
      "best_cover": 1.0,
      "best_pred_to_gt_ratio": 2.977272727272727,
      "best_pred_span": [
        2,
        263
      ]
    }
  ]
}