{
  "hit_ratio": 1.0,
  "full80_ratio": 1.0,
  "mean_best_cover": 1.0,
  "mean_best_iou": 0.9558823529411765,
  "mean_best_pred_to_gt_ratio": 1.0461538461538462,
  "avg_span_ratio": 0.8109028960817717,
  "num_pred_spans": 2.0,
  "gt_lift": 0.4667696952819824,
  "wide_single_flag": 0.0,
  "pred_spans": [
    [
      0,
      339
    ],
    [
      451,
      586
    ]
  ]
}