{
  "hit_ratio": 1.0,
  "full80_ratio": 1.0,
  "mean_best_cover": 1.0,
  "mean_best_iou": 0.6911764705882353,
  "mean_best_pred_to_gt_ratio": 1.446808510638298,
  "avg_span_ratio": 0.8831168831168831,
  "num_pred_spans": 1.0,
  "gt_lift": 0.7975139319896698,
  "wide_single_flag": 0.0,
  "pred_spans": [
    [
      18,
      153
    ]
  ]
}