{
  "num_gt_intervals": 1,
  "num_pred_spans": 2,
  "pred_spans": [
    [
      0,
      342
    ],
    [
      448,
      586
    ]
  ],
  "hit_ratio": 1.0,
  "full80_ratio": 1.0,
  "mean_best_iou": 0.935251798561151,
  "mean_best_cover": 1.0,
  "mean_best_pred_to_gt_ratio": 1.0692307692307692,
  "avg_span_ratio": 0.8211243611584327,
  "gt_lift": 0.3748473972082138,
  "items": [
    {
      "start_frame": 457,
      "end_frame": 586,
      "best_iou": 0.935251798561151,
      "best_cover": 1.0,
      "best_pred_to_gt_ratio": 1.0692307692307692,
      "best_pred_span": [
        448,
        586
      ]
    }
  ]
}