{
  "num_gt_intervals": 1,
  "num_pred_spans": 1,
  "pred_spans": [
    [
      7,
      326
    ]
  ],
  "hit_ratio": 1.0,
  "full80_ratio": 1.0,
  "mean_best_iou": 0.4676923076923077,
  "mean_best_cover": 0.9681528662420382,
  "mean_best_pred_to_gt_ratio": 2.038216560509554,
  "avg_span_ratio": 0.8672086720867209,
  "gt_lift": 0.7338641136884689,
  "items": [
    {
      "start_frame": 175,
      "end_frame": 331,
      "best_iou": 0.4676923076923077,
      "best_cover": 0.9681528662420382,
      "best_pred_to_gt_ratio": 2.038216560509554,
      "best_pred_span": [
        7,
        326
      ]
    }
  ]
}