{
  "num_gt_intervals": 1,
  "num_pred_spans": 1,
  "pred_spans": [
    [
      6,
      291
    ]
  ],
  "hit_ratio": 1.0,
  "full80_ratio": 1.0,
  "mean_best_iou": 0.7073170731707317,
  "mean_best_cover": 0.9950980392156863,
  "items": [
    {
      "start_frame": 89,
      "end_frame": 292,
      "best_iou": 0.7073170731707317,
      "best_cover": 0.9950980392156863
    }
  ]
}