{
  "num_gt_intervals": 1,
  "num_pred_spans": 1,
  "pred_spans": [
    [
      18,
      208
    ]
  ],
  "hit_ratio": 1.0,
  "full80_ratio": 1.0,
  "mean_best_iou": 0.5445026178010471,
  "mean_best_cover": 1.0,
  "mean_best_pred_to_gt_ratio": 1.8365384615384615,
  "avg_span_ratio": 0.9138755980861244,
  "gt_lift": 0.5256648659706116,
  "items": [
    {
      "start_frame": 81,
      "end_frame": 184,
      "best_iou": 0.5445026178010471,
      "best_cover": 1.0,
      "best_pred_to_gt_ratio": 1.8365384615384615,
      "best_pred_span": [
        18,
        208
      ]
    }
  ]
}