{
  "num_gt_intervals": 1,
  "num_pred_spans": 1,
  "pred_spans": [
    [
      5,
      262
    ]
  ],
  "hit_ratio": 1.0,
  "full80_ratio": 1.0,
  "mean_best_iou": 0.6317829457364341,
  "mean_best_cover": 1.0,
  "mean_best_pred_to_gt_ratio": 1.5828220858895705,
  "avg_span_ratio": 0.9809885931558935,
  "gt_lift": 0.8373153768479824,
  "items": [
    {
      "start_frame": 100,
      "end_frame": 262,
      "best_iou": 0.6317829457364341,
      "best_cover": 1.0,
      "best_pred_to_gt_ratio": 1.5828220858895705,
      "best_pred_span": [
        5,
        262
      ]
    }
  ]
}