{
  "hit_ratio": 1.0,
  "full80_ratio": 1.0,
  "mean_best_cover": 1.0,
  "mean_best_iou": 0.7198879551820728,
  "mean_best_pred_to_gt_ratio": 1.3891050583657587,
  "avg_span_ratio": 0.9444444444444444,
  "num_pred_spans": 1.0,
  "gt_lift": 0.48800936341285706,
  "wide_single_flag": 1.0,
  "pred_spans": [
    [
      21,
      377
    ]
  ]
}