{
  "num_gt_intervals": 1,
  "num_pred_spans": 2,
  "pred_spans": [
    [
      22,
      276
    ],
    [
      304,
      377
    ]
  ],
  "hit_ratio": 1.0,
  "full80_ratio": 0.0,
  "mean_best_iou": 0.43820224719101125,
  "mean_best_cover": 0.6070038910505836,
  "mean_best_pred_to_gt_ratio": 0.9922178988326849,
  "avg_span_ratio": 0.8703703703703703,
  "gt_lift": 0.424065500497818,
  "items": [
    {
      "start_frame": 121,
      "end_frame": 377,
      "best_iou": 0.43820224719101125,
      "best_cover": 0.6070038910505836,
      "best_pred_to_gt_ratio": 0.9922178988326849,
      "best_pred_span": [
        22,
        276
      ]
    }
  ]
}