{
  "num_gt_intervals": 1,
  "num_pred_spans": 1,
  "pred_spans": [
    [
      6,
      219
    ]
  ],
  "hit_ratio": 1.0,
  "full80_ratio": 1.0,
  "mean_best_iou": 0.6728971962616822,
  "mean_best_cover": 1.0,
  "mean_best_pred_to_gt_ratio": 1.4861111111111112,
  "avg_span_ratio": 0.9727272727272728,
  "gt_lift": 0.7449954301118851,
  "items": [
    {
      "start_frame": 51,
      "end_frame": 194,
      "best_iou": 0.6728971962616822,
      "best_cover": 1.0,
      "best_pred_to_gt_ratio": 1.4861111111111112,
      "best_pred_span": [
        6,
        219
      ]
    }
  ]
}