{
  "num_gt_intervals": 1,
  "num_pred_spans": 1,
  "pred_spans": [
    [
      2,
      100
    ]
  ],
  "hit_ratio": 1.0,
  "full80_ratio": 1.0,
  "mean_best_iou": 0.48484848484848486,
  "mean_best_cover": 1.0,
  "mean_best_pred_to_gt_ratio": 2.0625,
  "avg_span_ratio": 0.9801980198019802,
  "gt_lift": 0.5195074379444122,
  "items": [
    {
      "start_frame": 53,
      "end_frame": 100,
      "best_iou": 0.48484848484848486,
      "best_cover": 1.0,
      "best_pred_to_gt_ratio": 2.0625,
      "best_pred_span": [
        2,
        100
      ]
    }
  ]
}