{
  "num_gt_intervals": 1,
  "num_pred_spans": 1,
  "pred_spans": [
    [
      20,
      263
    ]
  ],
  "hit_ratio": 1.0,
  "full80_ratio": 1.0,
  "mean_best_iou": 0.430327868852459,
  "mean_best_cover": 1.0,
  "mean_best_pred_to_gt_ratio": 2.323809523809524,
  "avg_span_ratio": 0.9242424242424242,
  "gt_lift": 0.7480491399765015,
  "items": [
    {
      "start_frame": 140,
      "end_frame": 244,
      "best_iou": 0.430327868852459,
      "best_cover": 1.0,
      "best_pred_to_gt_ratio": 2.323809523809524,
      "best_pred_span": [
        20,
        263
      ]
    }
  ]
}