{
  "num_gt_intervals": 1,
  "num_pred_spans": 2,
  "pred_spans": [
    [
      5,
      46
    ],
    [
      68,
      481
    ]
  ],
  "hit_ratio": 1.0,
  "full80_ratio": 1.0,
  "mean_best_iou": 0.19158878504672897,
  "mean_best_cover": 0.8541666666666666,
  "mean_best_pred_to_gt_ratio": 4.3125,
  "avg_span_ratio": 0.7875647668393783,
  "gt_lift": 0.14962545037269592,
  "items": [
    {
      "start_frame": 400,
      "end_frame": 495,
      "best_iou": 0.19158878504672897,
      "best_cover": 0.8541666666666666,
      "best_pred_to_gt_ratio": 4.3125,
      "best_pred_span": [
        68,
        481
      ]
    }
  ]
}