{
  "num_gt_intervals": 1,
  "num_pred_spans": 1,
  "pred_spans": [
    [
      13,
      91
    ]
  ],
  "hit_ratio": 1.0,
  "full80_ratio": 1.0,
  "mean_best_iou": 0.6875,
  "mean_best_cover": 0.9821428571428571,
  "mean_best_pred_to_gt_ratio": 1.4107142857142858,
  "avg_span_ratio": 0.8586956521739131,
  "gt_lift": 0.8638502284884453,
  "items": [
    {
      "start_frame": 37,
      "end_frame": 92,
      "best_iou": 0.6875,
      "best_cover": 0.9821428571428571,
      "best_pred_to_gt_ratio": 1.4107142857142858,
      "best_pred_span": [
        13,
        91
      ]
    }
  ]
}