{
  "num_gt_intervals": 1,
  "num_pred_spans": 2,
  "pred_spans": [
    [
      0,
      189
    ],
    [
      226,
      355
    ]
  ],
  "hit_ratio": 1.0,
  "full80_ratio": 0.0,
  "mean_best_iou": 0.20703125,
  "mean_best_cover": 0.44537815126050423,
  "mean_best_pred_to_gt_ratio": 1.596638655462185,
  "avg_span_ratio": 0.898876404494382,
  "gt_lift": 0.5864302515983582,
  "items": [
    {
      "start_frame": 137,
      "end_frame": 255,
      "best_iou": 0.20703125,
      "best_cover": 0.44537815126050423,
      "best_pred_to_gt_ratio": 1.596638655462185,
      "best_pred_span": [
        0,
        189
      ]
    }
  ]
}