{
  "num_gt_intervals": 1,
  "num_pred_spans": 1,
  "pred_spans": [
    [
      0,
      269
    ]
  ],
  "hit_ratio": 1.0,
  "full80_ratio": 1.0,
  "mean_best_iou": 0.5518518518518518,
  "mean_best_cover": 1.0,
  "mean_best_pred_to_gt_ratio": 1.8120805369127517,
  "avg_span_ratio": 1.0,
  "gt_lift": 0.5709367245435715,
  "items": [
    {
      "start_frame": 121,
      "end_frame": 269,
      "best_iou": 0.5518518518518518,
      "best_cover": 1.0,
      "best_pred_to_gt_ratio": 1.8120805369127517,
      "best_pred_span": [
        0,
        269
      ]
    }
  ]
}