{
  "hit_ratio": 1.0,
  "full80_ratio": 1.0,
  "mean_best_cover": 1.0,
  "mean_best_iou": 0.6712328767123288,
  "mean_best_pred_to_gt_ratio": 1.489795918367347,
  "avg_span_ratio": 0.9618768328445748,
  "num_pred_spans": 2.0,
  "gt_lift": 0.2926388680934906,
  "wide_single_flag": 0.0,
  "pred_spans": [
    [
      0,
      35
    ],
    [
      49,
      340
    ]
  ]
}