{
  "hit_ratio": 1.0,
  "full80_ratio": 1.0,
  "mean_best_cover": 1.0,
  "mean_best_iou": 0.6666666666666666,
  "mean_best_pred_to_gt_ratio": 1.5,
  "avg_span_ratio": 0.8191489361702128,
  "num_pred_spans": 1.0,
  "gt_lift": 0.6360893398523331,
  "wide_single_flag": 0.0,
  "pred_spans": [
    [
      18,
      248
    ]
  ]
}