{
  "num_gt_intervals": 1,
  "num_pred_spans": 1,
  "pred_spans": [
    [
      36,
      233
    ]
  ],
  "hit_ratio": 1.0,
  "full80_ratio": 1.0,
  "mean_best_iou": 0.6565656565656566,
  "mean_best_cover": 1.0,
  "mean_best_pred_to_gt_ratio": 1.523076923076923,
  "avg_span_ratio": 0.8461538461538461,
  "gt_lift": 0.5837525129318237,
  "items": [
    {
      "start_frame": 104,
      "end_frame": 233,
      "best_iou": 0.6565656565656566,
      "best_cover": 1.0,
      "best_pred_to_gt_ratio": 1.523076923076923,
      "best_pred_span": [
        36,
        233
      ]
    }
  ]
}