{
  "hit_ratio": 1.0,
  "full80_ratio": 1.0,
  "mean_best_cover": 1.0,
  "mean_best_iou": 0.4666666666666667,
  "mean_best_pred_to_gt_ratio": 2.142857142857143,
  "avg_span_ratio": 0.8522727272727273,
  "num_pred_spans": 1.0,
  "gt_lift": 0.8811379969120026,
  "wide_single_flag": 0.0,
  "pred_spans": [
    [
      39,
      263
    ]
  ]
}