{
  "hit_ratio": 1.0,
  "full80_ratio": 0.0,
  "mean_best_cover": 0.5294117647058824,
  "mean_best_iou": 0.32335329341317365,
  "mean_best_pred_to_gt_ratio": 1.1666666666666667,
  "avg_span_ratio": 0.672316384180791,
  "num_pred_spans": 1.0,
  "gt_lift": 0.18015190958976746,
  "wide_single_flag": 0.0,
  "pred_spans": [
    [
      10,
      128
    ]
  ]
}