{
  "num_gt_intervals": 1,
  "num_pred_spans": 2,
  "pred_spans": [
    [
      0,
      335
    ],
    [
      454,
      586
    ]
  ],
  "hit_ratio": 1.0,
  "full80_ratio": 1.0,
  "mean_best_iou": 0.9774436090225563,
  "mean_best_cover": 1.0,
  "mean_best_pred_to_gt_ratio": 1.023076923076923,
  "avg_span_ratio": 0.7989778534923339,
  "gt_lift": 0.3548545092344284,
  "items": [
    {
      "start_frame": 457,
      "end_frame": 586,
      "best_iou": 0.9774436090225563,
      "best_cover": 1.0,
      "best_pred_to_gt_ratio": 1.023076923076923,
      "best_pred_span": [
        454,
        586
      ]
    }
  ]
}