{
  "hit_ratio": 1.0,
  "full80_ratio": 1.0,
  "mean_best_cover": 1.0,
  "mean_best_iou": 0.4493927125506073,
  "mean_best_pred_to_gt_ratio": 2.225225225225225,
  "avg_span_ratio": 0.9527027027027027,
  "num_pred_spans": 2.0,
  "gt_lift": 0.6492543816566467,
  "wide_single_flag": 0.0,
  "pred_spans": [
    [
      0,
      34
    ],
    [
      49,
      295
    ]
  ]
}