{
  "hit_ratio": 1.0,
  "full80_ratio": 1.0,
  "mean_best_cover": 0.9285714285714286,
  "mean_best_iou": 0.5,
  "mean_best_pred_to_gt_ratio": 1.7857142857142858,
  "avg_span_ratio": 0.9615384615384616,
  "num_pred_spans": 1.0,
  "gt_lift": -0.5281591564416885,
  "wide_single_flag": 1.0,
  "pred_spans": [
    [
      0,
      74
    ]
  ]
}