{
  "num_gt_intervals": 1,
  "num_pred_spans": 1,
  "pred_spans": [
    [
      0,
      243
    ]
  ],
  "hit_ratio": 1.0,
  "full80_ratio": 1.0,
  "mean_best_iou": 0.6188524590163934,
  "mean_best_cover": 1.0,
  "mean_best_pred_to_gt_ratio": 1.6158940397350994,
  "avg_span_ratio": 1.0,
  "gt_lift": 0.6607719659805298,
  "items": [
    {
      "start_frame": 93,
      "end_frame": 243,
      "best_iou": 0.6188524590163934,
      "best_cover": 1.0,
      "best_pred_to_gt_ratio": 1.6158940397350994,
      "best_pred_span": [
        0,
        243
      ]
    }
  ]
}