{
  "hit_ratio": 1.0,
  "full80_ratio": 1.0,
  "mean_best_cover": 0.9215686274509803,
  "mean_best_iou": 0.5310734463276836,
  "mean_best_pred_to_gt_ratio": 1.6568627450980393,
  "avg_span_ratio": 0.9548022598870056,
  "num_pred_spans": 1.0,
  "gt_lift": 0.19763246178627014,
  "wide_single_flag": 1.0,
  "pred_spans": [
    [
      0,
      168
    ]
  ]
}