{
  "num_gt_intervals": 1,
  "num_pred_spans": 1,
  "pred_spans": [
    [
      12,
      189
    ]
  ],
  "hit_ratio": 1.0,
  "full80_ratio": 1.0,
  "mean_best_iou": 0.5337078651685393,
  "mean_best_cover": 1.0,
  "mean_best_pred_to_gt_ratio": 1.8736842105263158,
  "avg_span_ratio": 0.9368421052631579,
  "gt_lift": 0.7197533845901489,
  "items": [
    {
      "start_frame": 95,
      "end_frame": 189,
      "best_iou": 0.5337078651685393,
      "best_cover": 1.0,
      "best_pred_to_gt_ratio": 1.8736842105263158,
      "best_pred_span": [
        12,
        189
      ]
    }
  ]
}