{
  "hit_ratio": 1.0,
  "full80_ratio": 1.0,
  "mean_best_cover": 1.0,
  "mean_best_iou": 0.21238938053097345,
  "mean_best_pred_to_gt_ratio": 4.708333333333333,
  "avg_span_ratio": 0.8411053540587219,
  "num_pred_spans": 2.0,
  "gt_lift": 0.2116699069738388,
  "wide_single_flag": 0.0,
  "pred_spans": [
    [
      6,
      40
    ],
    [
      71,
      522
    ]
  ]
}