{
  "num_gt_intervals": 1,
  "num_pred_spans": 2,
  "pred_spans": [
    [
      6,
      136
    ],
    [
      158,
      176
    ]
  ],
  "hit_ratio": 1.0,
  "full80_ratio": 0.0,
  "mean_best_iou": 0.36257309941520466,
  "mean_best_cover": 0.6078431372549019,
  "mean_best_pred_to_gt_ratio": 1.2843137254901962,
  "avg_span_ratio": 0.847457627118644,
  "gt_lift": 0.314025342464447,
  "items": [
    {
      "start_frame": 75,
      "end_frame": 176,
      "best_iou": 0.36257309941520466,
      "best_cover": 0.6078431372549019,
      "best_pred_to_gt_ratio": 1.2843137254901962,
      "best_pred_span": [
        6,
        136
      ]
    }
  ]
}