{
  "hit_ratio": 1.0,
  "full80_ratio": 1.0,
  "mean_best_cover": 0.9821428571428571,
  "mean_best_iou": 0.632183908045977,
  "mean_best_pred_to_gt_ratio": 1.5357142857142858,
  "avg_span_ratio": 0.9347826086956522,
  "num_pred_spans": 1.0,
  "gt_lift": 0.7794003710150719,
  "wide_single_flag": 1.0,
  "pred_spans": [
    [
      6,
      91
    ]
  ]
}