{
  "num_gt_intervals": 1,
  "num_pred_spans": 1,
  "pred_spans": [
    [
      39,
      91
    ]
  ],
  "hit_ratio": 1.0,
  "full80_ratio": 1.0,
  "mean_best_iou": 0.8867924528301887,
  "mean_best_cover": 1.0,
  "mean_best_pred_to_gt_ratio": 1.127659574468085,
  "avg_span_ratio": 0.5760869565217391,
  "gt_lift": 0.9398853182792664,
  "items": [
    {
      "start_frame": 45,
      "end_frame": 91,
      "best_iou": 0.8867924528301887,
      "best_cover": 1.0,
      "best_pred_to_gt_ratio": 1.127659574468085,
      "best_pred_span": [
        39,
        91
      ]
    }
  ]
}