{
  "hit_ratio": 1.0,
  "full80_ratio": 1.0,
  "mean_best_cover": 0.8125,
  "mean_best_iou": 0.639344262295082,
  "mean_best_pred_to_gt_ratio": 1.0833333333333333,
  "avg_span_ratio": 0.7761194029850746,
  "num_pred_spans": 1.0,
  "gt_lift": 0.25801587104797363,
  "wide_single_flag": 0.0,
  "pred_spans": [
    [
      7,
      58
    ]
  ]
}