{
  "hit_ratio": 1.0,
  "full80_ratio": 1.0,
  "mean_best_cover": 1.0,
  "mean_best_iou": 0.6417322834645669,
  "mean_best_pred_to_gt_ratio": 1.5582822085889572,
  "avg_span_ratio": 0.9657794676806084,
  "num_pred_spans": 1.0,
  "gt_lift": 0.8140333816409111,
  "wide_single_flag": 1.0,
  "pred_spans": [
    [
      9,
      262
    ]
  ]
}