{
  "hit_ratio": 1.0,
  "full80_ratio": 1.0,
  "mean_best_cover": 1.0,
  "mean_best_iou": 0.308584686774942,
  "mean_best_pred_to_gt_ratio": 3.2406015037593985,
  "avg_span_ratio": 1.0,
  "num_pred_spans": 1.0,
  "gt_lift": 0.11424130201339722,
  "wide_single_flag": 1.0,
  "pred_spans": [
    [
      0,
      430
    ]
  ]
}