{
  "num_gt_intervals": 1,
  "num_pred_spans": 1,
  "pred_spans": [
    [
      9,
      219
    ]
  ],
  "hit_ratio": 1.0,
  "full80_ratio": 1.0,
  "mean_best_iou": 0.6824644549763034,
  "mean_best_cover": 1.0,
  "mean_best_pred_to_gt_ratio": 1.4652777777777777,
  "avg_span_ratio": 0.9590909090909091,
  "gt_lift": 0.7817030847072601,
  "items": [
    {
      "start_frame": 51,
      "end_frame": 194,
      "best_iou": 0.6824644549763034,
      "best_cover": 1.0,
      "best_pred_to_gt_ratio": 1.4652777777777777,
      "best_pred_span": [
        9,
        219
      ]
    }
  ]
}