{
  "hit_ratio": 1.0,
  "full80_ratio": 1.0,
  "mean_best_cover": 1.0,
  "mean_best_iou": 0.3492063492063492,
  "mean_best_pred_to_gt_ratio": 2.8636363636363638,
  "avg_span_ratio": 0.9509433962264151,
  "num_pred_spans": 1.0,
  "gt_lift": 0.8281632661819458,
  "wide_single_flag": 1.0,
  "pred_spans": [
    [
      6,
      257
    ]
  ]
}