{
  "num_gt_intervals": 1,
  "num_pred_spans": 1,
  "pred_spans": [
    [
      38,
      220
    ]
  ],
  "hit_ratio": 1.0,
  "full80_ratio": 1.0,
  "mean_best_iou": 0.4371584699453552,
  "mean_best_cover": 1.0,
  "mean_best_pred_to_gt_ratio": 2.2875,
  "avg_span_ratio": 0.8280542986425339,
  "gt_lift": 0.7982440888881683,
  "items": [
    {
      "start_frame": 105,
      "end_frame": 184,
      "best_iou": 0.4371584699453552,
      "best_cover": 1.0,
      "best_pred_to_gt_ratio": 2.2875,
      "best_pred_span": [
        38,
        220
      ]
    }
  ]
}