{
  "num_gt_intervals": 1,
  "num_pred_spans": 2,
  "pred_spans": [
    [
      17,
      51
    ],
    [
      117,
      384
    ]
  ],
  "hit_ratio": 1.0,
  "full80_ratio": 1.0,
  "mean_best_iou": 0.19852941176470587,
  "mean_best_cover": 0.9310344827586207,
  "mean_best_pred_to_gt_ratio": 4.620689655172414,
  "avg_span_ratio": 0.787012987012987,
  "gt_lift": 0.4923429489135742,
  "items": [
    {
      "start_frame": 113,
      "end_frame": 170,
      "best_iou": 0.19852941176470587,
      "best_cover": 0.9310344827586207,
      "best_pred_to_gt_ratio": 4.620689655172414,
      "best_pred_span": [
        117,
        384
      ]
    }
  ]
}