{
  "hit_ratio": 1.0,
  "full80_ratio": 1.0,
  "mean_best_cover": 1.0,
  "mean_best_iou": 0.44298245614035087,
  "mean_best_pred_to_gt_ratio": 2.257425742574257,
  "avg_span_ratio": 0.9620253164556962,
  "num_pred_spans": 1.0,
  "gt_lift": 0.4760119616985321,
  "wide_single_flag": 1.0,
  "pred_spans": [
    [
      9,
      236
    ]
  ]
}