{
  "num_gt_intervals": 1,
  "num_pred_spans": 1,
  "pred_spans": [
    [
      0,
      430
    ]
  ],
  "hit_ratio": 1.0,
  "full80_ratio": 1.0,
  "mean_best_iou": 0.308584686774942,
  "mean_best_cover": 1.0,
  "mean_best_pred_to_gt_ratio": 3.2406015037593985,
  "avg_span_ratio": 1.0,
  "gt_lift": -0.02127663791179657,
  "items": [
    {
      "start_frame": 123,
      "end_frame": 255,
      "best_iou": 0.308584686774942,
      "best_cover": 1.0,
      "best_pred_to_gt_ratio": 3.2406015037593985,
      "best_pred_span": [
        0,
        430
      ]
    }
  ]
}