{
  "num_gt_intervals": 1,
  "num_pred_spans": 1,
  "pred_spans": [
    [
      8,
      91
    ]
  ],
  "hit_ratio": 1.0,
  "full80_ratio": 1.0,
  "mean_best_iou": 0.6470588235294118,
  "mean_best_cover": 0.9821428571428571,
  "mean_best_pred_to_gt_ratio": 1.5,
  "avg_span_ratio": 0.9130434782608695,
  "gt_lift": 0.9015668742358685,
  "items": [
    {
      "start_frame": 37,
      "end_frame": 92,
      "best_iou": 0.6470588235294118,
      "best_cover": 0.9821428571428571,
      "best_pred_to_gt_ratio": 1.5,
      "best_pred_span": [
        8,
        91
      ]
    }
  ]
}