{
  "num_gt_intervals": 1,
  "num_pred_spans": 1,
  "pred_spans": [
    [
      8,
      256
    ]
  ],
  "hit_ratio": 1.0,
  "full80_ratio": 1.0,
  "mean_best_iou": 0.3534136546184739,
  "mean_best_cover": 1.0,
  "mean_best_pred_to_gt_ratio": 2.8295454545454546,
  "avg_span_ratio": 0.939622641509434,
  "gt_lift": 0.714497521519661,
  "items": [
    {
      "start_frame": 60,
      "end_frame": 147,
      "best_iou": 0.3534136546184739,
      "best_cover": 1.0,
      "best_pred_to_gt_ratio": 2.8295454545454546,
      "best_pred_span": [
        8,
        256
      ]
    }
  ]
}