{
  "hit_ratio": 1.0,
  "full80_ratio": 1.0,
  "mean_best_cover": 1.0,
  "mean_best_iou": 0.3342696629213483,
  "mean_best_pred_to_gt_ratio": 2.991596638655462,
  "avg_span_ratio": 1.0,
  "num_pred_spans": 1.0,
  "gt_lift": 0.6084819436073303,
  "wide_single_flag": 1.0,
  "pred_spans": [
    [
      0,
      355
    ]
  ]
}