{
  "num_gt_intervals": 1,
  "num_pred_spans": 1,
  "pred_spans": [
    [
      16,
      269
    ]
  ],
  "hit_ratio": 1.0,
  "full80_ratio": 1.0,
  "mean_best_iou": 0.5866141732283464,
  "mean_best_cover": 1.0,
  "mean_best_pred_to_gt_ratio": 1.7046979865771812,
  "avg_span_ratio": 0.9407407407407408,
  "gt_lift": 0.6083559542894363,
  "items": [
    {
      "start_frame": 121,
      "end_frame": 269,
      "best_iou": 0.5866141732283464,
      "best_cover": 1.0,
      "best_pred_to_gt_ratio": 1.7046979865771812,
      "best_pred_span": [
        16,
        269
      ]
    }
  ]
}