{
  "num_gt_intervals": 1,
  "num_pred_spans": 1,
  "pred_spans": [
    [
      18,
      186
    ]
  ],
  "hit_ratio": 1.0,
  "full80_ratio": 1.0,
  "mean_best_iou": 0.6863905325443787,
  "mean_best_cover": 1.0,
  "mean_best_pred_to_gt_ratio": 1.456896551724138,
  "avg_span_ratio": 0.9037433155080213,
  "gt_lift": 0.8209012970328331,
  "items": [
    {
      "start_frame": 51,
      "end_frame": 166,
      "best_iou": 0.6863905325443787,
      "best_cover": 1.0,
      "best_pred_to_gt_ratio": 1.456896551724138,
      "best_pred_span": [
        18,
        186
      ]
    }
  ]
}