{
  "hit_ratio": 1.0,
  "full80_ratio": 1.0,
  "mean_best_cover": 1.0,
  "mean_best_iou": 0.9701492537313433,
  "mean_best_pred_to_gt_ratio": 1.0307692307692307,
  "avg_span_ratio": 0.7989778534923339,
  "num_pred_spans": 2.0,
  "gt_lift": 0.38918042182922363,
  "wide_single_flag": 0.0,
  "pred_spans": [
    [
      0,
      334
    ],
    [
      453,
      586
    ]
  ]
}