{
  "hit_ratio": 1.0,
  "full80_ratio": 1.0,
  "mean_best_cover": 1.0,
  "mean_best_iou": 0.65,
  "mean_best_pred_to_gt_ratio": 1.5384615384615385,
  "avg_span_ratio": 0.8547008547008547,
  "num_pred_spans": 1.0,
  "gt_lift": 0.6462072432041168,
  "wide_single_flag": 0.0,
  "pred_spans": [
    [
      34,
      233
    ]
  ]
}