{
  "hit_ratio": 1.0,
  "full80_ratio": 1.0,
  "mean_best_cover": 1.0,
  "mean_best_iou": 0.6823529411764706,
  "mean_best_pred_to_gt_ratio": 1.4655172413793103,
  "avg_span_ratio": 0.9090909090909091,
  "num_pred_spans": 1.0,
  "gt_lift": 0.6446513235569,
  "wide_single_flag": 1.0,
  "pred_spans": [
    [
      17,
      186
    ]
  ]
}