{
  "num_gt_intervals": 1,
  "num_pred_spans": 1,
  "pred_spans": [
    [
      9,
      91
    ]
  ],
  "hit_ratio": 1.0,
  "full80_ratio": 1.0,
  "mean_best_iou": 0.6547619047619048,
  "mean_best_cover": 0.9821428571428571,
  "mean_best_pred_to_gt_ratio": 1.4821428571428572,
  "avg_span_ratio": 0.9021739130434783,
  "gt_lift": 0.7216347754001617,
  "items": [
    {
      "start_frame": 37,
      "end_frame": 92,
      "best_iou": 0.6547619047619048,
      "best_cover": 0.9821428571428571,
      "best_pred_to_gt_ratio": 1.4821428571428572,
      "best_pred_span": [
        9,
        91
      ]
    }
  ]
}