{
  "num_gt_intervals": 1,
  "num_pred_spans": 1,
  "pred_spans": [
    [
      25,
      277
    ]
  ],
  "hit_ratio": 1.0,
  "full80_ratio": 1.0,
  "mean_best_iou": 0.7075098814229249,
  "mean_best_cover": 1.0,
  "mean_best_pred_to_gt_ratio": 1.4134078212290502,
  "avg_span_ratio": 0.9100719424460432,
  "gt_lift": 0.7663190476596355,
  "items": [
    {
      "start_frame": 99,
      "end_frame": 277,
      "best_iou": 0.7075098814229249,
      "best_cover": 1.0,
      "best_pred_to_gt_ratio": 1.4134078212290502,
      "best_pred_span": [
        25,
        277
      ]
    }
  ]
}