{
  "num_gt_intervals": 1,
  "num_pred_spans": 1,
  "pred_spans": [
    [
      6,
      320
    ]
  ],
  "hit_ratio": 1.0,
  "full80_ratio": 1.0,
  "mean_best_iou": 0.44785276073619634,
  "mean_best_cover": 0.9299363057324841,
  "items": [
    {
      "start_frame": 175,
      "end_frame": 331,
      "best_iou": 0.44785276073619634,
      "best_cover": 0.9299363057324841
    }
  ]
}