{
  "hit_ratio": 1.0,
  "full80_ratio": 1.0,
  "mean_best_cover": 1.0,
  "mean_best_iou": 0.6904761904761905,
  "mean_best_pred_to_gt_ratio": 1.4482758620689655,
  "avg_span_ratio": 0.8983957219251337,
  "num_pred_spans": 1.0,
  "gt_lift": 0.686648465692997,
  "wide_single_flag": 0.0,
  "pred_spans": [
    [
      19,
      186
    ]
  ]
}