{
  "num_gt_intervals": 1,
  "num_pred_spans": 1,
  "pred_spans": [
    [
      31,
      243
    ]
  ],
  "hit_ratio": 1.0,
  "full80_ratio": 1.0,
  "mean_best_iou": 0.7089201877934272,
  "mean_best_cover": 1.0,
  "mean_best_pred_to_gt_ratio": 1.4105960264900663,
  "avg_span_ratio": 0.8729508196721312,
  "gt_lift": 0.6079103797674179,
  "items": [
    {
      "start_frame": 93,
      "end_frame": 243,
      "best_iou": 0.7089201877934272,
      "best_cover": 1.0,
      "best_pred_to_gt_ratio": 1.4105960264900663,
      "best_pred_span": [
        31,
        243
      ]
    }
  ]
}