{
  "num_gt_intervals": 1,
  "num_pred_spans": 1,
  "pred_spans": [
    [
      14,
      165
    ]
  ],
  "hit_ratio": 1.0,
  "full80_ratio": 1.0,
  "mean_best_iou": 0.7697368421052632,
  "mean_best_cover": 1.0,
  "mean_best_pred_to_gt_ratio": 1.2991452991452992,
  "avg_span_ratio": 0.9156626506024096,
  "gt_lift": 0.9165223008021712,
  "items": [
    {
      "start_frame": 34,
      "end_frame": 150,
      "best_iou": 0.7697368421052632,
      "best_cover": 1.0,
      "best_pred_to_gt_ratio": 1.2991452991452992,
      "best_pred_span": [
        14,
        165
      ]
    }
  ]
}