{
  "hit_ratio": 1.0,
  "full80_ratio": 1.0,
  "mean_best_cover": 1.0,
  "mean_best_iou": 0.4488888888888889,
  "mean_best_pred_to_gt_ratio": 2.227722772277228,
  "avg_span_ratio": 0.9493670886075949,
  "num_pred_spans": 1.0,
  "gt_lift": 0.5261649340391159,
  "wide_single_flag": 1.0,
  "pred_spans": [
    [
      12,
      236
    ]
  ]
}