{
  "num_gt_intervals": 1,
  "num_pred_spans": 1,
  "pred_spans": [
    [
      11,
      219
    ]
  ],
  "hit_ratio": 1.0,
  "full80_ratio": 1.0,
  "mean_best_iou": 0.6889952153110048,
  "mean_best_cover": 1.0,
  "mean_best_pred_to_gt_ratio": 1.4513888888888888,
  "avg_span_ratio": 0.95,
  "gt_lift": 0.7540947571396828,
  "items": [
    {
      "start_frame": 51,
      "end_frame": 194,
      "best_iou": 0.6889952153110048,
      "best_cover": 1.0,
      "best_pred_to_gt_ratio": 1.4513888888888888,
      "best_pred_span": [
        11,
        219
      ]
    }
  ]
}