{
  "num_gt_intervals": 1,
  "num_pred_spans": 1,
  "pred_spans": [
    [
      9,
      331
    ]
  ],
  "hit_ratio": 1.0,
  "full80_ratio": 1.0,
  "mean_best_iou": 0.26625386996904027,
  "mean_best_cover": 1.0,
  "mean_best_pred_to_gt_ratio": 3.755813953488372,
  "avg_span_ratio": 0.9728915662650602,
  "gt_lift": 0.49176348745822906,
  "items": [
    {
      "start_frame": 138,
      "end_frame": 223,
      "best_iou": 0.26625386996904027,
      "best_cover": 1.0,
      "best_pred_to_gt_ratio": 3.755813953488372,
      "best_pred_span": [
        9,
        331
      ]
    }
  ]
}