{
  "hit_ratio": 1.0,
  "full80_ratio": 1.0,
  "mean_best_cover": 0.9868421052631579,
  "mean_best_iou": 0.4601226993865031,
  "mean_best_pred_to_gt_ratio": 2.1315789473684212,
  "avg_span_ratio": 1.0,
  "num_pred_spans": 1.0,
  "gt_lift": 0.16789749264717102,
  "wide_single_flag": 1.0,
  "pred_spans": [
    [
      0,
      161
    ]
  ]
}