{
  "num_gt_intervals": 1,
  "num_pred_spans": 1,
  "pred_spans": [
    [
      0,
      161
    ]
  ],
  "hit_ratio": 1.0,
  "full80_ratio": 1.0,
  "mean_best_iou": 0.4601226993865031,
  "mean_best_cover": 0.9868421052631579,
  "mean_best_pred_to_gt_ratio": 2.1315789473684212,
  "avg_span_ratio": 1.0,
  "gt_lift": 0.5444829314947128,
  "items": [
    {
      "start_frame": 87,
      "end_frame": 162,
      "best_iou": 0.4601226993865031,
      "best_cover": 0.9868421052631579,
      "best_pred_to_gt_ratio": 2.1315789473684212,
      "best_pred_span": [
        0,
        161
      ]
    }
  ]
}