{
  "num_gt_intervals": 1,
  "num_pred_spans": 2,
  "pred_spans": [
    [
      68,
      268
    ],
    [
      285,
      342
    ]
  ],
  "hit_ratio": 1.0,
  "full80_ratio": 0.0,
  "mean_best_iou": 0.412,
  "mean_best_cover": 0.6776315789473685,
  "mean_best_pred_to_gt_ratio": 1.3223684210526316,
  "avg_span_ratio": 0.7551020408163265,
  "gt_lift": 0.7727652341127396,
  "items": [
    {
      "start_frame": 166,
      "end_frame": 317,
      "best_iou": 0.412,
      "best_cover": 0.6776315789473685,
      "best_pred_to_gt_ratio": 1.3223684210526316,
      "best_pred_span": [
        68,
        268
      ]
    }
  ]
}