{
  "scheme": {
    "name": "turn_focus__none__scene0.00__smooth3",
    "object_weights": {
      "dir_turn_rates_sum": 0.23584905660377364,
      "speed_turn_rates_sum": 0.21698113207547173,
      "turn_active_ratio": 0.20754716981132082,
      "pred_center_sum_err": 0.16037735849056606,
      "pred_iou_sum_err": 0.16037735849056606,
      "disappear_far_sum": 0.018867924528301893
    },
    "scene_weights": {},
    "branch_weights": {
      "object_score": 1.0,
      "scene_score": 0.0
    },
    "normalize_per_feature": true,
    "final_smooth_window": 3
  },
  "boundary": {
    "name": "peeks_hz1.35_exp10_16_mg12_min6",
    "method": "by_peeks",
    "high_z": 1.35,
    "low_z": 0.25,
    "peak_gap": 4,
    "peak_expand": [
      10,
      16
    ],
    "min_span_len": 6,
    "merge_gap": 12,
    "use_savgol_filter": false
  },
  "aggregate": {
    "hit_ratio": 1.0,
    "full80_ratio": 0.9787234042553191,
    "mean_best_cover": 0.9738888321371061,
    "mean_best_iou": 0.5464486103787384,
    "mean_best_pred_to_gt_ratio": 2.0027796076997055,
    "avg_span_ratio": 0.9071085360072536,
    "num_pred_spans": 1.1914893617021276,
    "gt_lift": 0.5543282875751562,
    "wide_single_flag": 0.5319148936170213,
    "rank": 0.7317072845131714,
    "scheme": "turn_focus__none__scene0.00__smooth3",
    "boundary": "peeks_hz1.35_exp10_16_mg12_min6"
  }
}