{
  "num_gt_intervals": 1,
  "num_pred_spans": 1,
  "pred_spans": [
    [
      2,
      66
    ]
  ],
  "hit_ratio": 1.0,
  "full80_ratio": 1.0,
  "mean_best_iou": 0.7121212121212122,
  "mean_best_cover": 0.9791666666666666,
  "items": [
    {
      "start_frame": 20,
      "end_frame": 67,
      "best_iou": 0.7121212121212122,
      "best_cover": 0.9791666666666666
    }
  ]
}