{
  "hit_ratio": 1.0,
  "full80_ratio": 1.0,
  "mean_best_cover": 0.972972972972973,
  "mean_best_iou": 0.7058823529411765,
  "mean_best_pred_to_gt_ratio": 1.3513513513513513,
  "avg_span_ratio": 0.7678571428571429,
  "num_pred_spans": 2.0,
  "gt_lift": 0.7855870276689529,
  "wide_single_flag": 0.0,
  "pred_spans": [
    [
      0,
      35
    ],
    [
      62,
      111
    ]
  ]
}