{
  "num_gt_intervals": 1,
  "num_pred_spans": 1,
  "pred_spans": [
    [
      19,
      66
    ]
  ],
  "hit_ratio": 1.0,
  "full80_ratio": 1.0,
  "mean_best_iou": 0.9591836734693877,
  "mean_best_cover": 0.9791666666666666,
  "mean_best_pred_to_gt_ratio": 1.0,
  "avg_span_ratio": 0.7164179104477612,
  "gt_lift": 0.9451202154159546,
  "items": [
    {
      "start_frame": 20,
      "end_frame": 67,
      "best_iou": 0.9591836734693877,
      "best_cover": 0.9791666666666666,
      "best_pred_to_gt_ratio": 1.0,
      "best_pred_span": [
        19,
        66
      ]
    }
  ]
}