{
  "hit_ratio": 1.0,
  "full80_ratio": 1.0,
  "mean_best_cover": 1.0,
  "mean_best_iou": 0.5384615384615384,
  "mean_best_pred_to_gt_ratio": 1.8571428571428572,
  "avg_span_ratio": 1.0,
  "num_pred_spans": 1.0,
  "gt_lift": -0.19208228588104248,
  "wide_single_flag": 1.0,
  "pred_spans": [
    [
      0,
      77
    ]
  ]
}