{
  "hit_ratio": 1.0,
  "full80_ratio": 1.0,
  "mean_best_cover": 1.0,
  "mean_best_iou": 0.7748344370860927,
  "mean_best_pred_to_gt_ratio": 1.2905982905982907,
  "avg_span_ratio": 0.9096385542168675,
  "num_pred_spans": 1.0,
  "gt_lift": 0.8549486193805933,
  "wide_single_flag": 1.0,
  "pred_spans": [
    [
      15,
      165
    ]
  ]
}