{
  "hit_ratio": 1.0,
  "full80_ratio": 1.0,
  "mean_best_cover": 1.0,
  "mean_best_iou": 0.5432692307692307,
  "mean_best_pred_to_gt_ratio": 1.8407079646017699,
  "avg_span_ratio": 0.875886524822695,
  "num_pred_spans": 2.0,
  "gt_lift": 0.540094405412674,
  "wide_single_flag": 0.0,
  "pred_spans": [
    [
      17,
      55
    ],
    [
      74,
      281
    ]
  ]
}