{
  "hit_ratio": 1.0,
  "full80_ratio": 1.0,
  "mean_best_cover": 1.0,
  "mean_best_iou": 0.5445026178010471,
  "mean_best_pred_to_gt_ratio": 1.8365384615384615,
  "avg_span_ratio": 0.9138755980861244,
  "num_pred_spans": 1.0,
  "gt_lift": 0.556396096944809,
  "wide_single_flag": 1.0,
  "pred_spans": [
    [
      18,
      208
    ]
  ]
}