{
  "hit_ratio": 1.0,
  "full80_ratio": 1.0,
  "mean_best_cover": 1.0,
  "mean_best_iou": 0.5590062111801242,
  "mean_best_pred_to_gt_ratio": 1.788888888888889,
  "avg_span_ratio": 0.9583333333333334,
  "num_pred_spans": 1.0,
  "gt_lift": 0.7635605558753014,
  "wide_single_flag": 1.0,
  "pred_spans": [
    [
      7,
      167
    ]
  ]
}