{
  "num_gt_intervals": 1,
  "num_pred_spans": 1,
  "pred_spans": [
    [
      23,
      70
    ]
  ],
  "hit_ratio": 1.0,
  "full80_ratio": 1.0,
  "mean_best_iou": 0.9166666666666666,
  "mean_best_cover": 1.0,
  "mean_best_pred_to_gt_ratio": 1.0909090909090908,
  "avg_span_ratio": 0.676056338028169,
  "gt_lift": 0.899608327075839,
  "items": [
    {
      "start_frame": 27,
      "end_frame": 70,
      "best_iou": 0.9166666666666666,
      "best_cover": 1.0,
      "best_pred_to_gt_ratio": 1.0909090909090908,
      "best_pred_span": [
        23,
        70
      ]
    }
  ]
}