{
  "hit_ratio": 1.0,
  "full80_ratio": 0.0,
  "mean_best_cover": 0.7291666666666666,
  "mean_best_iou": 0.7291666666666666,
  "mean_best_pred_to_gt_ratio": 0.7291666666666666,
  "avg_span_ratio": 0.5223880597014925,
  "num_pred_spans": 1.0,
  "gt_lift": 0.511160284280777,
  "wide_single_flag": 0.0,
  "pred_spans": [
    [
      28,
      62
    ]
  ]
}