{
  "num_gt_intervals": 1,
  "num_pred_spans": 1,
  "pred_spans": [
    [
      26,
      262
    ]
  ],
  "hit_ratio": 1.0,
  "full80_ratio": 1.0,
  "mean_best_iou": 0.6877637130801688,
  "mean_best_cover": 1.0,
  "mean_best_pred_to_gt_ratio": 1.4539877300613497,
  "avg_span_ratio": 0.9011406844106464,
  "gt_lift": 0.8283720724284649,
  "items": [
    {
      "start_frame": 100,
      "end_frame": 262,
      "best_iou": 0.6877637130801688,
      "best_cover": 1.0,
      "best_pred_to_gt_ratio": 1.4539877300613497,
      "best_pred_span": [
        26,
        262
      ]
    }
  ]
}