{
  "num_gt_intervals": 1,
  "num_pred_spans": 1,
  "pred_spans": [
    [
      11,
      84
    ]
  ],
  "hit_ratio": 1.0,
  "full80_ratio": 1.0,
  "mean_best_iou": 0.6,
  "mean_best_cover": 0.9782608695652174,
  "mean_best_pred_to_gt_ratio": 1.608695652173913,
  "avg_span_ratio": 0.8705882352941177,
  "gt_lift": 0.595872089266777,
  "items": [
    {
      "start_frame": 40,
      "end_frame": 85,
      "best_iou": 0.6,
      "best_cover": 0.9782608695652174,
      "best_pred_to_gt_ratio": 1.608695652173913,
      "best_pred_span": [
        11,
        84
      ]
    }
  ]
}