{
  "hit_ratio": 1.0,
  "full80_ratio": 1.0,
  "mean_best_cover": 1.0,
  "mean_best_iou": 0.652542372881356,
  "mean_best_pred_to_gt_ratio": 1.5324675324675325,
  "avg_span_ratio": 0.8368794326241135,
  "num_pred_spans": 1.0,
  "gt_lift": 0.6972762644290924,
  "wide_single_flag": 0.0,
  "pred_spans": [
    [
      18,
      253
    ]
  ]
}