{
  "num_gt_intervals": 1,
  "num_pred_spans": 3,
  "pred_spans": [
    [
      0,
      47
    ],
    [
      61,
      263
    ],
    [
      323,
      340
    ]
  ],
  "hit_ratio": 1.0,
  "full80_ratio": 0.0,
  "mean_best_iou": 0.425,
  "mean_best_cover": 0.6071428571428571,
  "mean_best_pred_to_gt_ratio": 1.0357142857142858,
  "avg_span_ratio": 0.7888563049853372,
  "gt_lift": 0.4100628197193146,
  "items": [
    {
      "start_frame": 145,
      "end_frame": 340,
      "best_iou": 0.425,
      "best_cover": 0.6071428571428571,
      "best_pred_to_gt_ratio": 1.0357142857142858,
      "best_pred_span": [
        61,
        263
      ]
    }
  ]
}