{
  "num_gt_intervals": 1,
  "num_pred_spans": 1,
  "pred_spans": [
    [
      22,
      91
    ]
  ],
  "hit_ratio": 1.0,
  "full80_ratio": 1.0,
  "mean_best_iou": 0.6714285714285714,
  "mean_best_cover": 1.0,
  "mean_best_pred_to_gt_ratio": 1.4893617021276595,
  "avg_span_ratio": 0.7608695652173914,
  "gt_lift": 0.9500617068260908,
  "items": [
    {
      "start_frame": 45,
      "end_frame": 91,
      "best_iou": 0.6714285714285714,
      "best_cover": 1.0,
      "best_pred_to_gt_ratio": 1.4893617021276595,
      "best_pred_span": [
        22,
        91
      ]
    }
  ]
}