{
  "num_gt_intervals": 1,
  "num_pred_spans": 1,
  "pred_spans": [
    [
      3,
      213
    ]
  ],
  "hit_ratio": 1.0,
  "full80_ratio": 1.0,
  "mean_best_iou": 0.5734597156398105,
  "mean_best_cover": 1.0,
  "mean_best_pred_to_gt_ratio": 1.743801652892562,
  "avg_span_ratio": 0.985981308411215,
  "gt_lift": 0.2777729630470276,
  "items": [
    {
      "start_frame": 70,
      "end_frame": 190,
      "best_iou": 0.5734597156398105,
      "best_cover": 1.0,
      "best_pred_to_gt_ratio": 1.743801652892562,
      "best_pred_span": [
        3,
        213
      ]
    }
  ]
}