{
  "num_gt_intervals": 1,
  "num_pred_spans": 2,
  "pred_spans": [
    [
      13,
      69
    ],
    [
      85,
      384
    ]
  ],
  "hit_ratio": 1.0,
  "full80_ratio": 1.0,
  "mean_best_iou": 0.19333333333333333,
  "mean_best_cover": 1.0,
  "mean_best_pred_to_gt_ratio": 5.172413793103448,
  "avg_span_ratio": 0.9272727272727272,
  "gt_lift": 0.5208900421857834,
  "items": [
    {
      "start_frame": 113,
      "end_frame": 170,
      "best_iou": 0.19333333333333333,
      "best_cover": 1.0,
      "best_pred_to_gt_ratio": 5.172413793103448,
      "best_pred_span": [
        85,
        384
      ]
    }
  ]
}