{
  "num_gt_intervals": 1,
  "num_pred_spans": 2,
  "pred_spans": [
    [
      0,
      44
    ],
    [
      66,
      77
    ]
  ],
  "hit_ratio": 1.0,
  "full80_ratio": 0.0,
  "mean_best_iou": 0.2857142857142857,
  "mean_best_cover": 0.2857142857142857,
  "mean_best_pred_to_gt_ratio": 0.2857142857142857,
  "avg_span_ratio": 0.7307692307692307,
  "gt_lift": -0.20005589723587036,
  "items": [
    {
      "start_frame": 36,
      "end_frame": 77,
      "best_iou": 0.2857142857142857,
      "best_cover": 0.2857142857142857,
      "best_pred_to_gt_ratio": 0.2857142857142857,
      "best_pred_span": [
        66,
        77
      ]
    }
  ]
}