{
  "num_gt_intervals": 1,
  "num_pred_spans": 1,
  "pred_spans": [
    [
      7,
      233
    ]
  ],
  "hit_ratio": 1.0,
  "full80_ratio": 1.0,
  "mean_best_iou": 0.5770925110132159,
  "mean_best_cover": 1.0,
  "mean_best_pred_to_gt_ratio": 1.7328244274809161,
  "avg_span_ratio": 0.9700854700854701,
  "gt_lift": 0.1663171350955963,
  "items": [
    {
      "start_frame": 103,
      "end_frame": 233,
      "best_iou": 0.5770925110132159,
      "best_cover": 1.0,
      "best_pred_to_gt_ratio": 1.7328244274809161,
      "best_pred_span": [
        7,
        233
      ]
    }
  ]
}