{
  "num_gt_intervals": 1,
  "num_pred_spans": 1,
  "pred_spans": [
    [
      21,
      84
    ]
  ],
  "hit_ratio": 1.0,
  "full80_ratio": 1.0,
  "mean_best_iou": 0.6923076923076923,
  "mean_best_cover": 0.9782608695652174,
  "items": [
    {
      "start_frame": 40,
      "end_frame": 85,
      "best_iou": 0.6923076923076923,
      "best_cover": 0.9782608695652174
    }
  ]
}