{
  "num_gt_intervals": 1,
  "num_pred_spans": 1,
  "pred_spans": [
    [
      0,
      144
    ]
  ],
  "hit_ratio": 1.0,
  "full80_ratio": 0.0,
  "mean_best_iou": 0.2682926829268293,
  "mean_best_cover": 0.6984126984126984,
  "mean_best_pred_to_gt_ratio": 2.3015873015873014,
  "avg_span_ratio": 0.8841463414634146,
  "gt_lift": 0.1803894340991974,
  "items": [
    {
      "start_frame": 101,
      "end_frame": 163,
      "best_iou": 0.2682926829268293,
      "best_cover": 0.6984126984126984,
      "best_pred_to_gt_ratio": 2.3015873015873014,
      "best_pred_span": [
        0,
        144
      ]
    }
  ]
}