{
  "num_gt_intervals": 1,
  "num_pred_spans": 2,
  "pred_spans": [
    [
      10,
      40
    ],
    [
      71,
      474
    ]
  ],
  "hit_ratio": 1.0,
  "full80_ratio": 0.0,
  "mean_best_iou": 0.17647058823529413,
  "mean_best_cover": 0.78125,
  "mean_best_pred_to_gt_ratio": 4.208333333333333,
  "avg_span_ratio": 0.7512953367875648,
  "gt_lift": 0.0816495418548584,
  "items": [
    {
      "start_frame": 400,
      "end_frame": 495,
      "best_iou": 0.17647058823529413,
      "best_cover": 0.78125,
      "best_pred_to_gt_ratio": 4.208333333333333,
      "best_pred_span": [
        71,
        474
      ]
    }
  ]
}