{
  "num_gt_intervals": 1,
  "num_pred_spans": 2,
  "pred_spans": [
    [
      64,
      268
    ],
    [
      285,
      342
    ]
  ],
  "hit_ratio": 1.0,
  "full80_ratio": 0.0,
  "mean_best_iou": 0.40551181102362205,
  "mean_best_cover": 0.6776315789473685,
  "mean_best_pred_to_gt_ratio": 1.3486842105263157,
  "avg_span_ratio": 0.7667638483965015,
  "gt_lift": 0.819307342171669,
  "items": [
    {
      "start_frame": 166,
      "end_frame": 317,
      "best_iou": 0.40551181102362205,
      "best_cover": 0.6776315789473685,
      "best_pred_to_gt_ratio": 1.3486842105263157,
      "best_pred_span": [
        64,
        268
      ]
    }
  ]
}