{
  "hit_ratio": 1.0,
  "full80_ratio": 1.0,
  "mean_best_cover": 0.8571428571428571,
  "mean_best_iou": 0.6818181818181818,
  "mean_best_pred_to_gt_ratio": 1.1142857142857143,
  "avg_span_ratio": 0.7992424242424242,
  "num_pred_spans": 3.0,
  "gt_lift": 0.8759403601288795,
  "wide_single_flag": 0.0,
  "pred_spans": [
    [
      0,
      74
    ],
    [
      113,
      229
    ],
    [
      245,
      263
    ]
  ]
}