{
  "scheme": {
    "name": "turn_focus__none__scene0.00__smooth3",
    "object_weights": {
      "dir_turn_rates_sum": 0.2358490566037736,
      "speed_turn_rates_sum": 0.21698113207547168,
      "turn_active_ratio": 0.2075471698113208,
      "pred_center_sum_err": 0.16037735849056603,
      "pred_iou_sum_err": 0.16037735849056603,
      "disappear_far_sum": 0.01886792452830189
    },
    "scene_weights": {},
    "branch_weights": {
      "object_score": 1.0,
      "scene_score": 0.0
    },
    "normalize_per_feature": true,
    "final_smooth_window": 3
  },
  "boundary": {
    "high": null,
    "low": null,
    "online": false,
    "use_savgol_filter": false,
    "method": "by_peeks",
    "high_z": 1.35,
    "low_z": 0.25,
    "factor_online": 0.3,
    "peak_gap": 2,
    "peak_expand": [
      10,
      16
    ],
    "min_span_len": 4,
    "merge_gap": 12,
    "savgol_window": 7,
    "savgol_polyorder": 3
  },
  "aggregate": {
    "hit_ratio": 1.0,
    "full80_ratio": 0.9787234042553191,
    "mean_best_cover": 0.9738888321371061,
    "mean_best_iou": 0.5464486103787384,
    "mean_best_pred_to_gt_ratio": 2.0027796076997055,
    "avg_span_ratio": 0.9071085360072536,
    "num_pred_spans": 1.1914893617021276,
    "gt_lift": 0.5543282875751562,
    "wide_single_flag": 0.5319148936170213,
    "raw_span_count": 23.340425531914892,
    "final_span_count": 1.1914893617021276,
    "merge_compression": 0.9289130342156363,
    "merge_to_single_flag": 0.7872340425531915,
    "merge_to_single_rate": 0.7872340425531915,
    "scheme": "turn_focus__none__scene0.00__smooth3",
    "boundary": "peeks_hz1.35_pg2_exp10_16_mg12_min4",
    "coverage_rank": 0.8279105351377274,
    "vlm_ready_rank": 0.5869480267132744,
    "method": "by_peeks",
    "high_z": 1.35,
    "low_z": 0.25,
    "peak_gap": 2,
    "peak_expand_left": 10,
    "peak_expand_right": 16,
    "peak_expand_sum": 26,
    "merge_gap": 12,
    "min_span_len": 4
  }
}