{
  "hit_ratio": 1.0,
  "full80_ratio": 1.0,
  "mean_best_cover": 0.9950980392156863,
  "mean_best_iou": 0.7097902097902098,
  "mean_best_pred_to_gt_ratio": 1.3970588235294117,
  "avg_span_ratio": 0.976027397260274,
  "num_pred_spans": 1.0,
  "gt_lift": 0.685387521982193,
  "wide_single_flag": 1.0,
  "pred_spans": [
    [
      7,
      291
    ]
  ]
}