{
  "hit_ratio": 1.0,
  "full80_ratio": 1.0,
  "mean_best_cover": 1.0,
  "mean_best_iou": 0.7597402597402597,
  "mean_best_pred_to_gt_ratio": 1.3162393162393162,
  "avg_span_ratio": 0.927710843373494,
  "num_pred_spans": 1.0,
  "gt_lift": 0.8716795854270458,
  "wide_single_flag": 1.0,
  "pred_spans": [
    [
      12,
      165
    ]
  ]
}