{
  "hit_ratio": 1.0,
  "full80_ratio": 1.0,
  "mean_best_cover": 1.0,
  "mean_best_iou": 0.6811594202898551,
  "mean_best_pred_to_gt_ratio": 1.4680851063829787,
  "avg_span_ratio": 0.75,
  "num_pred_spans": 1.0,
  "gt_lift": 0.9274680416565388,
  "wide_single_flag": 0.0,
  "pred_spans": [
    [
      23,
      91
    ]
  ]
}