{
  "hit_ratio": 1.0,
  "full80_ratio": 1.0,
  "mean_best_cover": 1.0,
  "mean_best_iou": 0.5487364620938628,
  "mean_best_pred_to_gt_ratio": 1.8223684210526316,
  "avg_span_ratio": 0.8075801749271136,
  "num_pred_spans": 1.0,
  "gt_lift": 0.7173051983118057,
  "wide_single_flag": 0.0,
  "pred_spans": [
    [
      66,
      342
    ]
  ]
}