{
  "hit_ratio": 1.0,
  "full80_ratio": 1.0,
  "mean_best_cover": 1.0,
  "mean_best_iou": 0.5822222222222222,
  "mean_best_pred_to_gt_ratio": 1.717557251908397,
  "avg_span_ratio": 0.9615384615384616,
  "num_pred_spans": 1.0,
  "gt_lift": 0.20859667658805847,
  "wide_single_flag": 1.0,
  "pred_spans": [
    [
      9,
      233
    ]
  ]
}