{
  "num_gt_intervals": 1,
  "num_pred_spans": 1,
  "pred_spans": [
    [
      11,
      222
    ]
  ],
  "hit_ratio": 1.0,
  "full80_ratio": 1.0,
  "mean_best_iou": 0.47641509433962265,
  "mean_best_cover": 1.0,
  "mean_best_pred_to_gt_ratio": 2.099009900990099,
  "avg_span_ratio": 0.8945147679324894,
  "gt_lift": 0.39073050022125244,
  "items": [
    {
      "start_frame": 122,
      "end_frame": 222,
      "best_iou": 0.47641509433962265,
      "best_cover": 1.0,
      "best_pred_to_gt_ratio": 2.099009900990099,
      "best_pred_span": [
        11,
        222
      ]
    }
  ]
}