{
  "num_gt_intervals": 1,
  "num_pred_spans": 1,
  "pred_spans": [
    [
      73,
      281
    ]
  ],
  "hit_ratio": 1.0,
  "full80_ratio": 1.0,
  "mean_best_iou": 0.5406698564593302,
  "mean_best_cover": 1.0,
  "mean_best_pred_to_gt_ratio": 1.8495575221238938,
  "avg_span_ratio": 0.7411347517730497,
  "gt_lift": 0.5193878710269928,
  "items": [
    {
      "start_frame": 149,
      "end_frame": 261,
      "best_iou": 0.5406698564593302,
      "best_cover": 1.0,
      "best_pred_to_gt_ratio": 1.8495575221238938,
      "best_pred_span": [
        73,
        281
      ]
    }
  ]
}