{
  "hit_ratio": 1.0,
  "full80_ratio": 1.0,
  "mean_best_cover": 0.9044585987261147,
  "mean_best_iou": 0.4382716049382716,
  "mean_best_pred_to_gt_ratio": 1.9681528662420382,
  "avg_span_ratio": 0.8373983739837398,
  "num_pred_spans": 1.0,
  "gt_lift": 0.702003076672554,
  "wide_single_flag": 0.0,
  "pred_spans": [
    [
      8,
      316
    ]
  ]
}