{
  "hit_ratio": 1.0,
  "full80_ratio": 1.0,
  "mean_best_cover": 0.975609756097561,
  "mean_best_iou": 0.4678362573099415,
  "mean_best_pred_to_gt_ratio": 2.0609756097560976,
  "avg_span_ratio": 0.8802083333333334,
  "num_pred_spans": 1.0,
  "gt_lift": 0.5435037016868591,
  "wide_single_flag": 0.0,
  "pred_spans": [
    [
      0,
      168
    ]
  ]
}