{
  "hit_ratio": 1.0,
  "full80_ratio": 1.0,
  "mean_best_cover": 0.9950980392156863,
  "mean_best_iou": 0.712280701754386,
  "mean_best_pred_to_gt_ratio": 1.392156862745098,
  "avg_span_ratio": 0.9726027397260274,
  "num_pred_spans": 1.0,
  "gt_lift": 0.6311204731464386,
  "wide_single_flag": 1.0,
  "pred_spans": [
    [
      8,
      291
    ]
  ]
}