{
  "num_gt_intervals": 1,
  "num_pred_spans": 1,
  "pred_spans": [
    [
      22,
      100
    ]
  ],
  "hit_ratio": 1.0,
  "full80_ratio": 1.0,
  "mean_best_iou": 0.6075949367088608,
  "mean_best_cover": 1.0,
  "mean_best_pred_to_gt_ratio": 1.6458333333333333,
  "avg_span_ratio": 0.7821782178217822,
  "gt_lift": 0.4215507209300995,
  "items": [
    {
      "start_frame": 53,
      "end_frame": 100,
      "best_iou": 0.6075949367088608,
      "best_cover": 1.0,
      "best_pred_to_gt_ratio": 1.6458333333333333,
      "best_pred_span": [
        22,
        100
      ]
    }
  ]
}