{
  "hit_ratio": 1.0,
  "full80_ratio": 1.0,
  "mean_best_cover": 1.0,
  "mean_best_iou": 0.5380952380952381,
  "mean_best_pred_to_gt_ratio": 1.8584070796460177,
  "avg_span_ratio": 0.7446808510638298,
  "num_pred_spans": 1.0,
  "gt_lift": 0.5034615844488144,
  "wide_single_flag": 0.0,
  "pred_spans": [
    [
      72,
      281
    ]
  ]
}