{
  "num_gt_intervals": 1,
  "num_pred_spans": 1,
  "pred_spans": [
    [
      8,
      291
    ]
  ],
  "hit_ratio": 1.0,
  "full80_ratio": 1.0,
  "mean_best_iou": 0.712280701754386,
  "mean_best_cover": 0.9950980392156863,
  "mean_best_pred_to_gt_ratio": 1.392156862745098,
  "avg_span_ratio": 0.9726027397260274,
  "gt_lift": 0.7144357115030289,
  "items": [
    {
      "start_frame": 89,
      "end_frame": 292,
      "best_iou": 0.712280701754386,
      "best_cover": 0.9950980392156863,
      "best_pred_to_gt_ratio": 1.392156862745098,
      "best_pred_span": [
        8,
        291
      ]
    }
  ]
}