{
  "num_gt_intervals": 1,
  "num_pred_spans": 2,
  "pred_spans": [
    [
      26,
      137
    ],
    [
      151,
      262
    ]
  ],
  "hit_ratio": 1.0,
  "full80_ratio": 0.0,
  "mean_best_iou": 0.6871165644171779,
  "mean_best_cover": 0.6871165644171779,
  "mean_best_pred_to_gt_ratio": 0.6871165644171779,
  "avg_span_ratio": 0.8517110266159695,
  "gt_lift": 0.8368295058608055,
  "items": [
    {
      "start_frame": 100,
      "end_frame": 262,
      "best_iou": 0.6871165644171779,
      "best_cover": 0.6871165644171779,
      "best_pred_to_gt_ratio": 0.6871165644171779,
      "best_pred_span": [
        151,
        262
      ]
    }
  ]
}