{
  "num_gt_intervals": 1,
  "num_pred_spans": 2,
  "pred_spans": [
    [
      8,
      147
    ],
    [
      163,
      232
    ]
  ],
  "hit_ratio": 1.0,
  "full80_ratio": 1.0,
  "mean_best_iou": 0.92,
  "mean_best_cover": 0.9324324324324325,
  "mean_best_pred_to_gt_ratio": 0.9459459459459459,
  "avg_span_ratio": 0.9012875536480687,
  "gt_lift": 0.7933555096387863,
  "items": [
    {
      "start_frame": 10,
      "end_frame": 157,
      "best_iou": 0.92,
      "best_cover": 0.9324324324324325,
      "best_pred_to_gt_ratio": 0.9459459459459459,
      "best_pred_span": [
        8,
        147
      ]
    }
  ]
}