{
  "num_gt_intervals": 1,
  "num_pred_spans": 1,
  "pred_spans": [
    [
      15,
      70
    ]
  ],
  "hit_ratio": 1.0,
  "full80_ratio": 1.0,
  "mean_best_iou": 0.7857142857142857,
  "mean_best_cover": 1.0,
  "mean_best_pred_to_gt_ratio": 1.2727272727272727,
  "avg_span_ratio": 0.7887323943661971,
  "gt_lift": 0.801349475979805,
  "items": [
    {
      "start_frame": 27,
      "end_frame": 70,
      "best_iou": 0.7857142857142857,
      "best_cover": 1.0,
      "best_pred_to_gt_ratio": 1.2727272727272727,
      "best_pred_span": [
        15,
        70
      ]
    }
  ]
}