{
  "num_gt_intervals": 1,
  "num_pred_spans": 1,
  "pred_spans": [
    [
      13,
      70
    ]
  ],
  "hit_ratio": 1.0,
  "full80_ratio": 1.0,
  "mean_best_iou": 0.7586206896551724,
  "mean_best_cover": 1.0,
  "mean_best_pred_to_gt_ratio": 1.3181818181818181,
  "avg_span_ratio": 0.8169014084507042,
  "gt_lift": 0.824764970690012,
  "items": [
    {
      "start_frame": 27,
      "end_frame": 70,
      "best_iou": 0.7586206896551724,
      "best_cover": 1.0,
      "best_pred_to_gt_ratio": 1.3181818181818181,
      "best_pred_span": [
        13,
        70
      ]
    }
  ]
}