{
  "num_gt_intervals": 1,
  "num_pred_spans": 2,
  "pred_spans": [
    [
      0,
      39
    ],
    [
      64,
      111
    ]
  ],
  "hit_ratio": 1.0,
  "full80_ratio": 1.0,
  "mean_best_iou": 0.7346938775510204,
  "mean_best_cover": 0.972972972972973,
  "items": [
    {
      "start_frame": 76,
      "end_frame": 112,
      "best_iou": 0.7346938775510204,
      "best_cover": 0.972972972972973
    }
  ]
}