{
  "hit_ratio": 1.0,
  "full80_ratio": 1.0,
  "mean_best_cover": 1.0,
  "mean_best_iou": 0.6820083682008368,
  "mean_best_pred_to_gt_ratio": 1.4662576687116564,
  "avg_span_ratio": 0.908745247148289,
  "num_pred_spans": 1.0,
  "gt_lift": 0.8037724047899246,
  "wide_single_flag": 1.0,
  "pred_spans": [
    [
      24,
      262
    ]
  ]
}