{
  "hit_ratio": 1.0,
  "full80_ratio": 1.0,
  "mean_best_cover": 1.0,
  "mean_best_iou": 0.5467625899280576,
  "mean_best_pred_to_gt_ratio": 1.8289473684210527,
  "avg_span_ratio": 0.8104956268221575,
  "num_pred_spans": 1.0,
  "gt_lift": 0.6268748492002487,
  "wide_single_flag": 0.0,
  "pred_spans": [
    [
      65,
      342
    ]
  ]
}