{
  "num_gt_intervals": 1,
  "num_pred_spans": 2,
  "pred_spans": [
    [
      11,
      39
    ],
    [
      59,
      311
    ]
  ],
  "hit_ratio": 1.0,
  "full80_ratio": 1.0,
  "mean_best_iou": 0.31620553359683795,
  "mean_best_cover": 1.0,
  "mean_best_pred_to_gt_ratio": 3.1625,
  "avg_span_ratio": 0.9038461538461539,
  "gt_lift": 0.5385444760322571,
  "items": [
    {
      "start_frame": 105,
      "end_frame": 184,
      "best_iou": 0.31620553359683795,
      "best_cover": 1.0,
      "best_pred_to_gt_ratio": 3.1625,
      "best_pred_span": [
        59,
        311
      ]
    }
  ]
}