{
  "num_gt_intervals": 1,
  "num_pred_spans": 2,
  "pred_spans": [
    [
      0,
      154
    ],
    [
      169,
      191
    ]
  ],
  "hit_ratio": 1.0,
  "full80_ratio": 1.0,
  "mean_best_iou": 0.38596491228070173,
  "mean_best_cover": 0.8048780487804879,
  "mean_best_pred_to_gt_ratio": 1.8902439024390243,
  "avg_span_ratio": 0.9270833333333334,
  "gt_lift": 0.6597623825073242,
  "items": [
    {
      "start_frame": 89,
      "end_frame": 170,
      "best_iou": 0.38596491228070173,
      "best_cover": 0.8048780487804879,
      "best_pred_to_gt_ratio": 1.8902439024390243,
      "best_pred_span": [
        0,
        154
      ]
    }
  ]
}