{
  "num_gt_intervals": 1,
  "num_pred_spans": 1,
  "pred_spans": [
    [
      17,
      167
    ]
  ],
  "hit_ratio": 1.0,
  "full80_ratio": 1.0,
  "mean_best_iou": 0.5960264900662252,
  "mean_best_cover": 1.0,
  "mean_best_pred_to_gt_ratio": 1.6777777777777778,
  "avg_span_ratio": 0.8988095238095238,
  "gt_lift": 0.8043963760137558,
  "items": [
    {
      "start_frame": 62,
      "end_frame": 151,
      "best_iou": 0.5960264900662252,
      "best_cover": 1.0,
      "best_pred_to_gt_ratio": 1.6777777777777778,
      "best_pred_span": [
        17,
        167
      ]
    }
  ]
}